,0,1,2,3,4,5,6,7,8,9,10,11,12,13,14,15,16,17,18,19,20,21,22,23,24,25,26,27,28,29,30,31,32,33,34,35,36,37,38,39,40,41,42,43,44,45,46,47,48,49,50,51,52,53,54,55
0,20220101,108,1.5,1335,2,2.8,819,7,4.5,923,-4.3,2.3,1544,-10.2,710,-14.4,-3.7,-15.4,46.3,31.0,1329,2.1,1.8,1.3,-9.00,1019.8,1030.9,1034.0,247,1027.3,2351,1.4,9.0,9.6,-9.0,10.39,1.82,1200,-9.0,0.3,-9.00,-9.0,-9,-9.0,-9,-9.0,-9,-9.0,-9,-9.0,-9,2.7,6.6,10.1,15.1,17.2
1,20220102,108,2.3,1996,29,4.6,1349,29,8.1,1345,-1.3,3.0,1551,-5.2,2356,-8.8,-0.9,-10.7,57.9,39.0,1754,3.3,1.6,1.1,-9.00,1015.7,1026.7,1028.4,2222,1024.4,502,4.1,5.4,9.6,-9.0,8.52,1.71,1200,0.3,-9.0,4.17,-9.0,-9,-9.0,-9,-9.0,-9,0.5,655,0.5,655,2.7,6.4,10.0,15.0,17.2
2,20220103,108,1.8,1555,25,4.1,1322,27,6.9,1319,-1.9,2.5,1542,-8.0,714,-9.3,-2.3,-14.4,58.3,35.0,1152,3.2,1.6,1.1,-9.00,1015.3,1026.2,1028.5,913,1024.2,2230,4.9,7.8,9.7,-9.0,9.35,1.75,1200,0.0,0.0,4.00,-9.0,-9,-9.0,-9,-9.0,-9,-9.0,-9,-9.0,-9,2.5,6.2,9.8,14.9,17.2
3,20220104,108,2.4,2048,25,4.2,1507,27,6.8,1444,-2.5,1.0,1445,-5.6,2400,-11.8,-1.8,-13.1,51.8,28.0,1606,2.6,2.0,1.4,-9.00,1017.3,1028.3,1029.8,2335,1024.5,2,0.0,9.0,9.7,-9.0,11.30,1.94,1200,0.0,-9.0,0.92,-9.0,-9,-9.0,-9,-9.0,-9,-9.0,-9,-9.0,-9,2.5,6.1,9.7,14.8,17.1
4,20220105,108,1.7,1510,5,2.9,1314,5,4.2,843,-2.8,1.9,1518,-7.8,634,-12.5,-2.8,-14.1,47.6,34.0,1402,2.4,1.4,1.0,-9.00,1016.9,1028.0,1029.7,1,1025.9,1539,7.3,1.9,9.7,-9.0,6.12,1.03,1100,-9.0,-9.0,-9.00,-9.0,-9,-9.0,-9,-9.0,-9,-9.0,-9,-9.0,-9,2.4,5.9,9.5,14.7,17.1
5,20220106,108,2.3,2000,29,4.6,1419,29,7.8,1417,-2.2,3.3,1604,-5.9,745,-12.3,-2.3,-11.4,47.1,29.0,1414,2.4,2.1,1.5,-9.00,1018.0,1029.0,1030.8,2309,1026.7,155,0.0,9.1,9.7,-9.0,11.22,1.95,1200,-9.0,-9.0,-9.00,-9.0,-9,-9.0,-9,-9.0,-9,-9.0,-9,-9.0,-9,2.3,5.8,9.4,14.7,17.1
6,20220107,108,1.5,1317,25,3.0,1608,27,5.2,1402,-1.6,4.5,1525,-5.9,634,-12.0,-2.3,-13.8,47.1,21.0,1528,2.5,2.2,1.6,-9.00,1018.8,1029.8,1032.0,855,1028.2,1534,0.0,9.1,9.7,-9.0,11.12,1.92,1200,-9.0,-9.0,-9.00,-9.0,-9,-9.0,-9,-9.0,-9,-9.0,-9,-9.0,-9,2.2,5.7,9.2,14.6,17.0
7,20220108,108,1.7,1456,20,3.5,1632,18,5.4,1534,0.3,3.7,1623,-5.0,729,-5.7,-2.1,-12.0,64.3,49.0,1221,4.2,0.9,0.7,-9.00,1013.5,1024.4,1028.2,1,1021.5,2343,5.9,0.7,9.7,-9.0,3.68,0.80,1100,0.0,0.0,0.17,-9.0,-9,-9.0,-9,-9.0,-9,-9.0,-9,-9.0,-9,2.1,5.6,9.1,14.5,17.0
8,20220109,108,1.7,1441,27,2.8,507,29,4.6,507,1.3,5.6,1522,-1.2,2353,-3.5,0.5,-8.6,71.5,46.0,1606,4.8,1.3,0.9,-9.00,1011.7,1022.5,1023.5,1028,1021.1,107,3.1,4.5,9.7,-9.0,7.16,1.56,1300,-9.0,-9.0,-9.00,-9.0,-9,-9.0,-9,-9.0,-9,-9.0,-9,-9.0,-9,2.1,5.5,9.0,14.4,17.0
9,20220110,108,2.0,1705,25,3.4,1433,25,7.6,2359,0.5,4.4,1348,-3.4,735,-5.1,-0.9,-9.5,68.3,37.0,1527,4.2,1.6,1.1,-9.00,1009.7,1020.5,1023.5,319,1017.0,2349,7.0,3.9,9.8,-9.0,7.25,1.52,1100,0.9,1.1,3.83,-9.0,-9,-9.0,-9,-9.0,-9,0.9,2355,0.9,2355,2.1,5.4,8.8,14.3,16.9
10,20220111,108,4.0,3442,29,7.2,129,32,12.4,128,-7.4,0.3,1,-10.3,2326,-14.9,-2.3,-13.3,55.5,39.0,1538,2.0,1.5,1.1,-9.00,1010.1,1021.2,1025.3,2315,1017.0,1,0.4,9.1,9.8,-9.0,11.91,2.04,1200,0.2,-9.0,1.50,-9.0,-9,-9.0,-9,-9.0,-9,0.1,100,1.0,100,2.0,5.3,8.7,14.2,16.9
11,20220112,108,2.4,2089,29,4.2,1019,29,7.1,1630,-7.7,-3.4,1521,-11.3,223,-17.0,-4.1,-15.3,47.8,34.0,1528,1.6,1.8,1.2,-9.00,1012.0,1023.1,1025.0,1,1021.4,2358,2.8,8.6,9.8,-9.0,11.93,2.04,1200,-9.0,-9.0,-9.00,-9.0,-9,-9.0,-9,-9.0,-9,-9.0,-9,0.2,1,1.9,5.2,8.6,14.1,16.9
12,20220113,108,3.3,2881,27,7.6,1308,32,13.9,1320,-6.4,-3.1,1456,-8.9,2352,-16.3,-3.6,-13.6,45.8,32.0,1408,1.7,1.8,1.3,-9.00,1011.1,1022.2,1025.7,2319,1019.4,419,2.3,9.1,9.8,-9.0,11.90,2.03,1200,-9.0,-9.0,-9.00,-9.0,-9,-9.0,-9,-9.0,-9,-9.0,-9,-9.0,-9,1.9,5.1,8.5,14.0,16.8
13,20220114,108,1.7,1453,18,3.2,1356,16,6.3,1348,-4.8,1.3,1526,-10.1,750,-16.3,-3.5,-16.4,41.8,24.0,1606,1.7,2.2,1.5,-9.00,1014.8,1025.9,1028.1,1055,1024.0,1801,2.6,9.1,9.8,-9.0,12.10,2.04,1200,-9.0,-9.0,-9.00,-9.0,-9,-9.0,-9,-9.0,-9,-9.0,-9,-9.0,-9,1.8,5.0,8.4,13.9,16.8
14,20220115,108,1.9,1641,5,3.1,1045,2,4.9,1055,-1.0,1.8,1545,-5.3,426,-10.6,-1.9,-10.1,48.3,41.0,1131,2.8,1.2,0.9,-9.00,1011.9,1022.8,1025.9,1,1021.0,2137,8.5,0.9,9.9,-9.0,3.76,0.92,1100,0.0,0.0,0.92,-9.0,-9,-9.0,-9,-9.0,-9,-9.0,-9,-9.0,-9,1.7,4.9,8.3,13.9,16.7
15,20220116,108,3.3,2808,25,5.7,1408,25,9.4,1503,-2.0,2.4,208,-7.2,2352,-10.4,-0.3,-9.3,54.5,29.0,1427,3.0,2.1,1.5,-9.00,1014.2,1025.2,1028.6,2352,1021.1,318,1.6,8.8,9.9,-9.0,11.98,2.07,1200,0.0,-9.0,0.42,-9.0,-9,-9.0,-9,-9.0,-9,-9.0,-9,-9.0,-9,1.7,4.8,8.2,13.8,16.7
16,20220117,108,2.2,1865,27,4.1,1337,23,8.0,1706,-5.8,0.1,1317,-9.2,518,-12.5,-4.2,-15.4,59.9,38.0,1136,2.4,1.3,0.9,-9.00,1016.5,1027.7,1029.4,2131,1024.9,1603,2.5,4.5,9.9,-9.0,8.07,1.83,1100,0.5,0.5,4.92,-9.0,-9,-9.0,-9,-9.0,-9,0.8,1745,0.8,1745,1.6,4.8,8.1,13.7,16.7
17,20220118,108,2.3,1953,29,4.3,1525,34,6.6,1444,-5.6,-0.7,1514,-9.9,744,-15.3,-2.8,-15.2,47.9,27.0,1403,1.9,1.9,1.4,-9.00,1017.6,1028.7,1030.8,939,1026.9,1510,0.3,9.2,9.9,-9.0,12.40,2.10,1200,-9.0,0.0,-9.00,-9.0,-9,-9.0,-9,-9.0,-9,-9.0,-9,0.5,1,1.5,4.7,8.0,13.6,16.6
18,20220119,108,2.1,1821,32,4.7,2038,32,8.3,1759,-5.3,-2.7,1558,-7.7,2357,-9.6,-3.4,-13.3,72.3,50.0,132,3.0,0.5,0.4,-9.00,1013.9,1025.0,1028.1,8,1022.4,1512,5.1,0.0,9.9,-9.0,2.13,0.43,1100,1.7,1.7,7.08,-9.0,-9,-9.0,-9,-9.0,-9,3.5,1340,3.5,1340,1.5,4.6,7.9,13.5,16.6
19,20220120,108,1.8,1582,32,4.7,1927,32,7.0,1922,-5.0,0.9,1603,-9.8,605,-11.1,-2.5,-16.0,63.5,42.0,1631,2.6,1.8,1.2,-9.00,1018.1,1029.3,1031.0,2345,1026.2,1,0.0,9.1,10.0,-9.0,12.29,2.05,1200,-9.0,-9.0,-9.00,-9.0,-9,-9.0,-9,-9.0,-9,-9.0,-9,2.4,1,1.4,4.5,7.8,13.4,16.6
20,20220121,108,1.8,1512,5,3.0,1144,5,5.0,1301,-2.7,4.6,1534,-8.7,755,-10.9,-1.9,-14.4,55.6,29.0,1544,2.7,2.2,1.5,-9.00,1019.3,1030.3,1032.8,951,1028.4,2342,0.0,9.2,10.0,-9.0,12.79,2.15,1200,-9.0,-9.0,-9.00,-9.0,-9,-9.0,-9,-9.0,-9,-9.0,-9,-9.0,-9,1.4,4.5,7.8,13.3,16.5
21,20220122,108,1.7,1506,29,3.4,1855,29,5.2,1854,0.3,7.1,1512,-5.0,734,-8.7,-0.3,-10.4,52.4,32.0,1618,3.2,2.0,1.4,-9.00,1015.4,1026.3,1028.5,228,1024.4,1403,5.9,6.0,10.0,-9.0,9.70,1.86,1300,-9.0,-9.0,-9.00,-9.0,-9,-9.0,-9,-9.0,-9,-9.0,-9,-9.0,-9,1.3,4.4,7.7,13.3,16.5
22,20220123,108,1.7,1481,25,3.1,1212,7,5.7,2329,2.0,6.7,1411,-0.6,549,-6.8,0.4,-7.1,52.4,43.0,1017,3.7,2.0,1.4,-9.00,1011.5,1022.3,1025.0,5,1019.9,1607,4.8,5.3,10.1,-9.0,7.67,1.79,1300,-9.0,-9.0,-9.00,-9.0,-9,-9.0,-9,-9.0,-9,-9.0,-9,-9.0,-9,1.4,4.3,7.6,13.2,16.4
23,20220124,108,3.5,3053,7,5.5,959,7,9.6,1001,4.6,8.4,1329,1.3,1,-3.6,0.8,-1.3,56.0,44.0,1310,4.7,2.4,1.7,-9.00,1011.0,1021.7,1023.1,1112,1020.5,1431,4.9,4.0,10.1,-9.0,8.71,1.65,1100,-9.0,0.5,-9.00,-9.0,-9,-9.0,-9,-9.0,-9,-9.0,-9,-9.0,-9,1.4,4.3,7.5,13.1,16.4
24,20220125,108,2.3,1991,27,4.9,1748,25,7.7,1744,2.8,4.5,1,1.9,822,-0.4,0.9,-0.2,80.0,51.0,1,6.0,0.6,0.4,-9.00,1010.2,1021.0,1022.2,2320,1019.2,1501,9.4,0.0,10.1,-9.0,1.70,0.41,1300,0.7,0.2,11.75,-9.0,-9,-9.0,-9,-9.0,-9,-9.0,-9,-9.0,-9,1.4,4.2,7.4,13.0,16.3
25,20220126,108,2.2,1913,32,4.6,2124,32,7.7,2120,1.3,6.8,1429,-1.9,639,-5.7,1.3,-9.2,62.8,33.0,1709,4.1,2.5,1.7,-9.00,1013.7,1024.5,1025.8,2245,1022.2,1,2.4,8.4,10.1,-9.0,11.54,2.02,1200,-9.0,-9.0,-9.00,-9.0,-9,-9.0,-9,-9.0,-9,-9.0,-9,-9.0,-9,1.4,4.2,7.4,12.9,16.3
26,20220127,108,2.1,1854,29,4.1,2032,29,7.7,2023,-1.1,4.0,1541,-4.6,757,-10.5,0.3,-9.6,50.0,31.0,1520,2.8,2.3,1.6,-9.00,1014.2,1025.1,1026.5,827,1022.8,1448,2.1,8.9,10.2,-9.0,11.72,1.90,1100,-9.0,-9.0,-9.00,-9.0,-9,-9.0,-9,-9.0,-9,-9.0,-9,-9.0,-9,1.4,4.1,7.3,12.9,16.3
27,20220128,108,2.8,2379,29,5.1,2324,29,8.2,1613,-2.7,2.1,1516,-5.9,811,-11.5,-0.9,-9.7,51.6,33.0,1518,2.5,2.3,1.6,-9.00,1014.1,1025.1,1027.0,925,1023.3,1902,2.0,9.2,10.2,-9.0,13.65,2.23,1200,-9.0,-9.0,-9.00,-9.0,-9,-9.0,-9,-9.0,-9,-9.0,-9,-9.0,-9,1.4,4.1,7.2,12.8,16.2
28,20220129,108,2.4,2110,32,5.1,1429,32,8.6,1426,-3.6,0.9,1531,-7.2,741,-13.3,-1.5,-13.3,48.9,28.0,1510,2.2,2.3,1.6,-9.00,1011.5,1022.4,1024.8,4,1020.3,1632,0.8,9.5,10.2,-9.0,14.07,2.26,1200,-9.0,-9.0,-9.00,-9.0,-9,-9.0,-9,-9.0,-9,-9.0,-9,-9.0,-9,1.4,4.1,7.2,12.7,16.2
29,20220130,108,2.2,1911,27,4.6,1409,29,7.8,1335,-2.8,2.4,1629,-8.0,713,-13.4,-1.4,-14.2,45.4,27.0,1510,2.2,2.6,1.8,-9.00,1011.5,1022.4,1024.5,2351,1020.6,1456,0.6,9.6,10.3,-9.0,14.10,2.31,1200,-9.0,-9.0,-9.00,-9.0,-9,-9.0,-9,-9.0,-9,-9.0,-9,-9.0,-9,1.4,4.0,7.1,12.6,16.1
30,20220131,108,1.9,1673,25,4.3,1617,20,8.7,2118,-0.7,4.8,1507,-6.8,736,-7.9,-0.7,-14.1,59.0,39.0,1229,3.5,1.9,1.3,-9.00,1012.9,1023.8,1025.9,802,1021.8,2018,3.3,8.0,10.3,-9.0,11.47,1.95,1100,1.2,2.9,2.75,-9.0,-9,-9.0,-9,-9.0,-9,1.8,2335,1.8,2335,1.4,4.0,7.1,12.6,16.1
31,20220201,108,2.6,2271,27,4.4,1229,32,9.0,1348,-1.3,0.9,1601,-2.7,2345,-4.9,-0.4,-6.0,76.6,59.0,1509,4.3,1.3,0.9,-9.00,1014.2,1025.2,1028.8,2357,1021.8,449,6.6,4.7,10.3,-9.0,9.04,1.66,1300,1.7,0.0,4.83,-9.0,-9,-9.0,-9,-9.0,-9,3.3,555,5.0,555,1.4,4.0,7.0,12.5,16.1
32,20220202,108,2.4,2053,25,5.0,1408,29,8.3,1428,-3.4,0.0,1529,-6.0,541,-10.4,-0.6,-11.1,60.5,36.0,1453,2.8,2.1,1.4,-9.00,1017.4,1028.5,1030.2,925,1027.2,2315,3.5,9.2,10.4,-9.0,14.68,2.36,1200,-9.0,-9.0,-9.00,-9.0,-9,-9.0,-9,-9.0,-9,-9.0,-9,0.5,1,1.4,3.9,7.0,12.4,16.0
33,20220203,108,2.4,2088,27,4.6,1601,27,8.2,1611,-3.4,0.4,1458,-6.9,746,-12.2,-0.8,-12.8,52.4,34.0,1235,2.4,2.3,1.6,-9.00,1016.3,1027.3,1029.0,1036,1026.0,1442,1.5,9.7,10.4,-9.0,14.87,2.39,1200,-9.0,-9.0,-9.00,-9.0,-9,-9.0,-9,-9.0,-9,-9.0,-9,-9.0,-9,1.3,3.9,6.9,12.3,16.0
34,20220204,108,3.1,2648,29,6.5,2019,29,12.3,2019,-5.2,-0.7,1404,-8.2,2356,-13.4,-2.6,-13.2,53.3,35.0,1134,2.2,2.1,1.5,-9.00,1014.2,1025.3,1027.0,201,1023.5,1722,1.9,7.3,10.4,-9.0,12.94,2.41,1200,0.0,0.0,0.67,-9.0,-9,-9.0,-9,-9.0,-9,-9.0,-9,-9.0,-9,1.3,3.9,6.9,12.3,15.9
35,20220205,108,3.1,2716,27,6.8,1521,27,11.9,1637,-6.6,-2.0,1508,-9.7,742,-15.7,-3.1,-12.9,48.8,36.0,1609,1.8,2.0,1.4,-9.00,1015.4,1026.5,1028.0,2022,1024.4,1438,0.9,9.1,10.5,-9.0,14.31,2.43,1200,-9.0,-9.0,-9.00,-9.0,-9,-9.0,-9,-9.0,-9,-9.0,-9,-9.0,-9,1.3,3.9,6.8,12.2,15.9
36,20220206,108,2.5,2178,29,5.4,1301,29,11.4,1253,-3.9,1.7,1537,-8.4,500,-13.0,-1.5,-14.7,50.3,31.0,1533,2.3,2.5,1.7,-9.00,1016.9,1028.0,1029.9,2348,1026.0,1537,1.0,9.5,10.5,-9.0,14.83,2.39,1300,-9.0,-9.0,-9.00,-9.0,-9,-9.0,-9,-9.0,-9,-9.0,-9,-9.0,-9,1.2,3.8,6.8,12.1,15.8
37,20220207,108,1.8,1537,29,4.6,1424,29,9.7,1358,-2.5,1.9,1259,-7.3,510,-11.6,-1.6,-13.7,51.3,31.0,1313,2.6,1.8,1.3,-9.00,1017.5,1028.5,1030.2,1036,1026.3,1511,6.1,6.5,10.5,-9.0,10.41,2.04,1200,-9.0,-9.0,-9.00,-9.0,-9,-9.0,-9,-9.0,-9,-9.0,-9,-9.0,-9,1.2,3.8,6.7,12.1,15.8
38,20220208,108,1.9,1648,29,3.7,1440,32,6.8,1335,-0.1,5.6,1555,-4.1,629,-9.0,1.3,-10.1,53.8,26.0,1556,3.1,2.7,1.9,-9.00,1016.6,1027.5,1028.5,2245,1025.9,1629,1.5,8.1,10.6,-9.0,14.49,2.36,1300,-9.0,-9.0,-9.00,-9.0,-9,-9.0,-9,-9.0,-9,-9.0,-9,-9.0,-9,1.2,3.7,6.7,12.0,15.8
39,20220209,108,1.8,1591,29,3.5,2101,32,5.7,2112,1.0,7.2,1400,-4.3,757,-8.4,0.9,-11.2,52.3,26.0,1527,3.2,2.6,1.8,-9.00,1014.7,1025.6,1029.0,824,1023.0,1643,5.5,9.2,10.6,-9.0,12.80,2.09,1300,-9.0,-9.0,-9.00,-9.0,-9,-9.0,-9,-9.0,-9,-9.0,-9,-9.0,-9,1.2,3.7,6.7,11.9,15.7
40,20220210,108,2.3,1949,32,4.9,1447,32,8.8,1439,1.4,6.7,1544,-3.2,707,-6.3,2.1,-10.0,57.8,33.0,1335,3.9,2.8,2.0,-9.00,1012.5,1023.3,1024.9,2303,1021.9,1431,1.6,9.6,10.6,-9.0,14.93,2.37,1200,-9.0,-9.0,-9.00,-9.0,-9,-9.0,-9,-9.0,-9,-9.0,-9,-9.0,-9,1.2,3.7,6.6,11.9,15.7
41,20220211,108,1.8,1553,25,3.5,1447,27,6.8,1439,2.9,8.8,1449,-2.6,740,-4.3,3.3,-10.5,61.1,34.0,1453,4.5,2.7,1.9,-9.00,1015.5,1026.3,1028.2,900,1024.5,127,2.6,8.9,10.7,-9.0,13.28,2.16,1200,-9.0,-9.0,-9.00,-9.0,-9,-9.0,-9,-9.0,-9,-9.0,-9,-9.0,-9,1.2,3.6,6.6,11.8,15.6
42,20220212,108,1.7,1461,27,3.8,1516,25,6.7,1433,4.8,10.4,1605,-0.1,727,-6.1,5.1,-5.5,50.4,22.0,1409,4.1,3.8,2.6,-9.00,1014.0,1024.7,1027.1,852,1022.6,1704,3.5,9.3,10.7,-9.0,15.11,2.39,1200,-9.0,-9.0,-9.00,-9.0,-9,-9.0,-9,-9.0,-9,-9.0,-9,-9.0,-9,1.2,3.6,6.5,11.7,15.6
43,20220213,108,1.8,1543,32,3.5,1507,34,5.4,1413,4.8,9.5,1616,1.6,330,-6.3,2.2,-5.7,44.9,32.0,1634,3.9,2.4,1.7,-9.00,1011.3,1022.0,1023.5,230,1020.1,1718,5.3,3.0,10.8,-9.0,9.29,1.39,1000,-9.0,-9.0,-9.00,-9.0,-9,-9.0,-9,-9.0,-9,-9.0,-9,-9.0,-9,1.2,3.6,6.5,11.7,15.6
44,20220214,108,2.9,2470,27,5.7,1554,23,10.2,1426,2.5,8.1,1248,-1.3,2352,-3.0,1.4,-6.2,68.3,43.0,1414,5.0,1.8,1.3,-9.00,1009.5,1020.2,1022.1,152,1017.7,1431,6.6,0.9,10.8,-9.0,7.04,1.55,1200,1.7,1.7,2.42,-9.0,-9,-9.0,-9,-9.0,-9,-9.0,-9,-9.0,-9,1.2,3.6,6.5,11.6,15.5
45,20220215,108,3.8,3315,27,5.7,447,27,9.9,25,-4.7,-1.3,1,-7.7,2321,-11.8,-1.5,-9.0,58.0,44.0,2013,2.5,1.6,1.1,-9.00,1011.1,1022.1,1023.7,2223,1020.5,333,5.6,3.0,10.8,-9.0,9.99,1.86,1300,0.0,0.0,12.17,-9.0,-9,-9.0,-9,-9.0,-9,-9.0,-9,-9.0,-9,1.2,3.6,6.4,11.6,15.5
46,20220216,108,3.7,3203,27,6.8,1308,27,11.4,1259,-7.3,-4.1,1526,-9.6,2400,-16.1,-2.3,-11.1,50.4,32.0,1359,1.8,2.2,1.5,-9.00,1012.9,1024.1,1025.7,2354,1022.2,1605,0.9,9.0,10.9,-9.0,16.28,2.67,1200,0.0,-9.0,0.33,-9.0,-9,-9.0,-9,-9.0,-9,-9.0,-9,-9.0,-9,1.2,3.5,6.4,11.5,15.4
47,20220217,108,2.5,2171,29,4.9,250,29,10.4,248,-6.2,-0.5,1554,-10.7,752,-17.3,-0.1,-12.8,41.6,28.0,1559,1.6,2.4,1.7,-9.00,1017.5,1028.7,1031.2,2359,1025.6,118,0.0,9.8,10.9,-9.0,17.20,2.64,1200,-9.0,-9.0,-9.00,-9.0,-9,-9.0,-9,-9.0,-9,-9.0,-9,-9.0,-9,1.2,3.5,6.4,11.5,15.4
48,20220218,108,2.0,1720,27,3.6,1731,29,6.1,1809,-1.2,5.7,1531,-8.0,716,-13.5,1.6,-13.7,40.4,21.0,1526,2.2,3.2,2.2,-9.00,1018.8,1029.8,1033.2,728,1026.3,2348,3.9,8.6,10.9,-9.0,15.91,2.55,1200,-9.0,-9.0,-9.00,-9.0,-9,-9.0,-9,-9.0,-9,-9.0,-9,-9.0,-9,1.2,3.5,6.3,11.4,15.3
49,20220219,108,2.9,2531,29,6.6,1959,29,11.5,2010,-1.7,3.7,1403,-6.2,2345,-10.3,0.1,-8.6,52.9,38.0,1500,2.9,2.0,1.4,-9.00,1013.0,1024.0,1026.7,26,1021.4,1655,6.5,2.9,11.0,-9.0,9.25,2.06,1300,0.1,0.1,2.17,-9.0,-9,-9.0,-9,-9.0,-9,0.1,1730,0.1,1730,1.2,3.5,6.3,11.3,15.3
50,20220220,108,4.1,3503,29,6.3,1145,27,11.0,1502,-4.8,-0.5,1548,-8.4,703,-16.3,0.3,-9.7,41.1,24.0,1619,1.7,2.7,1.9,-9.00,1015.5,1026.6,1029.1,2319,1024.2,1,0.1,10.0,11.0,-9.0,18.09,2.76,1200,-9.0,-9.0,-9.00,-9.0,-9,-9.0,-9,-9.0,-9,-9.0,-9,-9.0,-9,1.2,3.5,6.3,11.3,15.3
51,20220221,108,2.9,2514,27,7.1,1528,25,13.1,1336,-3.0,3.6,1415,-8.1,623,-10.6,-0.1,-14.8,56.3,41.0,1413,2.8,2.2,1.5,-9.00,1016.9,1027.9,1030.9,2359,1024.7,1331,2.5,6.5,11.0,-9.0,11.41,1.77,1400,0.1,0.1,2.58,-9.0,-9,-9.0,-9,-9.0,-9,-9.0,-9,-9.0,-9,1.2,3.5,6.3,11.2,15.2
52,20220222,108,3.2,2748,32,5.6,1952,27,11.9,1946,-4.5,0.5,1438,-8.0,2400,-15.2,0.5,-11.7,43.3,33.0,938,1.9,2.5,1.7,-9.00,1021.0,1032.1,1033.9,2358,1030.3,1432,1.0,8.0,11.1,-9.0,15.64,2.51,1100,-9.0,-9.0,-9.00,-9.0,-9,-9.0,-9,-9.0,-9,-9.0,-9,-9.0,-9,1.2,3.5,6.2,11.2,15.2
53,20220223,108,2.6,2220,29,5.5,1450,32,10.0,1447,-5.6,-0.6,1623,-10.0,721,-18.0,0.3,-14.7,38.5,24.0,1550,1.5,2.9,2.0,-9.00,1021.9,1033.1,1035.6,925,1030.7,1659,0.0,10.2,11.1,-9.0,18.78,2.82,1200,-9.0,-9.0,-9.00,-9.0,-9,-9.0,-9,-9.0,-9,-9.0,-9,-9.0,-9,1.2,3.4,6.2,11.1,15.1
54,20220224,108,2.2,1880,32,5.0,1232,23,10.2,1501,-2.4,3.7,1454,-8.5,508,-11.1,1.9,-15.8,52.4,31.0,1113,2.8,2.7,1.9,-9.00,1019.6,1030.7,1033.2,925,1028.3,2349,0.0,10.3,11.2,-9.0,18.42,2.72,1200,-9.0,-9.0,-9.00,-9.0,-9,-9.0,-9,-9.0,-9,-9.0,-9,-9.0,-9,1.2,3.4,6.2,11.1,15.1
55,20220225,108,2.3,2009,25,4.8,1555,25,8.4,1255,3.0,8.4,1537,-3.6,716,-0.7,3.6,-11.1,77.5,55.0,1234,5.9,2.1,1.5,-9.00,1015.6,1026.4,1029.2,848,1023.6,2353,3.8,6.4,11.2,-9.0,12.36,2.16,1100,-9.0,-9.0,-9.00,-9.0,-9,-9.0,-9,-9.0,-9,-9.0,-9,-9.0,-9,1.2,3.4,6.2,11.0,15.1
56,20220226,108,3.9,3369,29,7.2,2116,29,14.5,2110,5.4,9.3,1313,1.0,2355,1.8,3.7,-2.5,78.4,63.0,1325,7.1,1.8,1.2,-9.00,1006.9,1017.5,1023.7,1,1011.6,1843,8.0,0.2,11.2,-9.0,5.58,1.32,1200,1.1,1.1,3.58,-9.0,-9,-9.0,-9,-9.0,-9,-9.0,-9,-9.0,-9,1.2,3.4,6.1,11.0,15.0
57,20220227,108,2.8,2453,25,7.4,1442,20,12.3,1501,3.7,9.1,1513,-1.6,730,-4.5,3.9,-8.1,56.6,33.0,1144,4.5,3.6,2.5,-9.00,1010.9,1021.6,1023.2,916,1017.3,1,0.0,10.5,11.3,-9.0,18.62,2.78,1200,-9.0,-9.0,-9.00,-9.0,-9,-9.0,-9,-9.0,-9,-9.0,-9,-9.0,-9,1.2,3.4,6.1,10.9,15.0
58,20220228,108,1.5,1297,20,3.3,2212,25,6.1,2254,6.8,11.5,1626,2.7,48,-0.5,3.4,-2.8,62.3,36.0,1622,6.0,2.3,1.6,-9.00,1009.9,1020.5,1024.2,803,1016.4,2400,8.0,3.4,11.3,-9.0,10.50,2.02,1200,-9.0,2.3,-9.00,-9.0,-9,-9.0,-9,-9.0,-9,-9.0,-9,-9.0,-9,1.2,3.4,6.1,10.9,14.9
59,20220301,108,2.3,1978,25,5.4,1630,29,9.8,2039,5.8,9.7,1616,0.3,2355,0.5,5.7,-4.6,70.5,46.0,1647,6.6,1.8,1.3,-9.00,1004.2,1014.7,1018.5,2328,1012.5,1426,6.1,2.5,11.4,-9.0,6.49,1.20,1400,2.3,-9.0,7.08,-9.0,-9,-9.0,-9,-9.0,-9,-9.0,-9,-9.0,-9,1.2,3.3,6.0,10.8,14.9
60,20220302,108,2.7,2336,23,6.3,1547,25,10.6,1603,3.5,8.8,1256,-2.3,611,-5.0,4.0,-8.2,55.9,29.0,1201,4.3,3.8,2.7,-9.00,1007.0,1017.7,1019.5,852,1015.9,1634,1.0,10.7,11.4,-9.0,19.53,2.81,1200,-9.0,-9.0,-9.00,-9.0,-9,-9.0,-9,-9.0,-9,-9.0,-9,-9.0,-9,1.2,3.3,6.0,10.8,14.8
61,20220303,108,2.1,1842,29,4.7,1609,27,9.0,1607,5.8,12.4,1413,0.9,720,-4.6,5.5,-7.3,52.9,24.0,1511,4.5,4.5,3.2,-9.00,1007.1,1017.7,1019.4,948,1016.7,1745,0.0,10.6,11.4,-9.0,19.16,2.85,1200,-9.0,-9.0,-9.00,-9.0,-9,-9.0,-9,-9.0,-9,-9.0,-9,-9.0,-9,1.2,3.3,6.0,10.8,14.8
62,20220304,108,3.6,3068,18,8.8,1419,18,18.5,1414,6.9,14.6,1338,0.6,652,-0.5,3.7,-5.1,60.5,35.0,1537,6.1,3.6,2.5,-9.00,1001.0,1011.4,1017.6,6,1005.9,1707,5.1,3.7,11.5,-9.0,10.65,2.31,1300,-9.0,-9.0,-9.00,-9.0,-9,-9.0,-9,-9.0,-9,-9.0,-9,-9.0,-9,1.7,3.3,6.0,10.7,14.8
63,20220305,108,4.3,3697,25,7.5,1438,25,15.2,1434,2.3,6.7,1600,-0.7,2341,-11.0,4.4,-2.7,38.4,22.0,1248,2.7,4.7,3.3,-9.00,1005.2,1015.8,1020.0,2333,1009.7,1,0.1,10.5,11.5,-9.0,20.26,2.96,1200,-9.0,-9.0,-9.00,-9.0,-9,-9.0,-9,-9.0,-9,-9.0,-9,-9.0,-9,2.6,3.4,6.0,10.7,14.7
64,20220306,108,2.6,2224,32,4.9,1458,27,8.6,1733,1.4,6.8,1603,-3.0,629,-11.5,5.0,-9.8,39.5,20.0,1405,2.6,4.3,3.0,-9.00,1011.0,1021.8,1023.8,908,1019.6,1642,1.3,10.8,11.6,-9.0,21.00,3.03,1200,-9.0,-9.0,-9.00,-9.0,-9,-9.0,-9,-9.0,-9,-9.0,-9,-9.0,-9,2.9,3.6,6.0,10.6,14.7
65,20220307,108,2.0,1734,27,3.9,1633,27,6.5,1630,2.8,8.7,1505,-2.7,703,-8.1,3.9,-8.5,45.8,24.0,1422,3.3,3.1,2.2,-9.00,1010.0,1020.7,1022.6,741,1018.8,1502,6.1,7.0,11.6,-9.0,14.99,2.49,1200,-9.0,-9.0,-9.00,-9.0,-9,-9.0,-9,-9.0,-9,-9.0,-9,-9.0,-9,3.0,3.8,6.0,10.6,14.7
66,20220308,108,2.0,1692,27,4.1,1550,29,7.5,1541,6.0,12.3,1455,1.1,307,-2.3,6.8,-5.3,56.1,44.0,48,5.3,3.2,2.3,-9.00,1008.6,1019.2,1020.2,143,1017.3,1452,4.9,8.2,11.6,-9.0,16.44,2.59,1100,-9.0,-9.0,-9.00,-9.0,-9,-9.0,-9,-9.0,-9,-9.0,-9,-9.0,-9,3.2,4.0,6.1,10.5,14.6
67,20220309,108,1.9,1667,25,4.2,1728,27,6.5,1732,7.1,14.8,1520,1.7,706,1.3,9.0,-4.2,69.6,34.0,1504,6.7,4.0,2.8,-9.00,1011.2,1021.8,1023.6,830,1019.7,1,2.3,8.7,11.7,-9.0,18.85,2.81,1200,-9.0,-9.0,-9.00,-9.0,-9,-9.0,-9,-9.0,-9,-9.0,-9,-9.0,-9,3.9,4.2,6.2,10.5,14.6
68,20220310,108,2.1,1802,20,5.1,1558,20,9.6,1435,9.3,15.8,1534,4.2,658,-1.6,9.3,-2.1,51.4,17.0,1424,5.5,4.8,3.4,-9.00,1010.1,1020.6,1022.5,816,1018.8,1636,6.6,9.3,11.7,-9.0,16.75,2.41,1200,-9.0,-9.0,-9.00,-9.0,-9,-9.0,-9,-9.0,-9,-9.0,-9,-9.0,-9,4.7,4.4,6.3,10.5,14.5
69,20220311,108,1.9,1654,18,3.3,1330,27,6.4,1401,11.2,18.4,1544,5.1,641,3.2,11.4,-1.0,58.4,44.0,1602,7.9,3.8,2.6,-9.00,1007.8,1018.1,1020.3,954,1015.6,1601,5.3,5.9,11.8,-9.0,14.49,2.71,1200,-9.0,-9.0,-9.00,-9.0,-9,-9.0,-9,-9.0,-9,-9.0,-9,-9.0,-9,5.3,4.7,6.4,10.4,14.5
70,20220312,108,2.7,2350,18,5.2,2213,20,10.3,2128,12.8,19.5,1408,6.3,632,7.6,12.1,-0.5,72.1,49.0,1213,10.7,3.0,2.1,-9.00,1004.4,1014.6,1018.4,753,1010.8,2247,5.8,3.2,11.8,-9.0,12.82,2.35,1200,2.6,44.4,3.33,-9.0,-9,-9.0,-9,-9.0,-9,-9.0,-9,-9.0,-9,6.1,5.0,6.5,10.4,14.5
71,20220313,108,1.9,1661,32,4.8,43,20,9.5,321,11.7,12.6,1,10.7,111,10.9,11.1,8.2,95.5,90.0,1939,13.0,0.8,0.5,-9.00,1000.6,1010.9,1013.7,2238,1009.2,1401,9.4,0.0,11.8,-9.0,2.10,0.35,1400,42.1,0.3,12.42,-9.0,-9,-9.0,-9,-9.0,-9,-9.0,-9,-9.0,-9,7.5,5.4,6.6,10.4,14.4
72,20220314,108,3.2,2724,25,6.2,1243,25,12.0,1216,8.2,13.2,1205,4.9,2350,6.6,7.7,3.3,90.3,82.0,1117,9.9,0.8,0.6,-9.00,1001.0,1011.4,1013.6,226,1008.9,1407,6.4,0.0,11.9,-9.0,2.18,0.62,1000,8.7,8.7,5.58,-9.0,-9,-9.0,-9,-9.0,-9,-9.0,-9,-9.0,-9,8.0,6.0,6.8,10.3,14.4
73,20220315,108,2.0,1698,25,3.9,101,29,7.0,2112,7.2,13.3,1538,2.3,702,2.2,9.8,-0.9,72.6,46.0,1605,7.2,3.2,2.2,-9.00,1003.7,1014.2,1016.3,759,1011.4,1709,3.8,7.1,11.9,-9.0,17.55,2.76,1300,-9.0,-9.0,-9.00,-9.0,-9,-9.0,-9,-9.0,-9,-9.0,-9,-9.0,-9,7.7,6.4,7.1,10.3,14.3
74,20220316,108,2.1,1818,29,4.3,1333,32,6.5,1551,10.3,16.8,1513,3.6,703,3.0,10.8,-1.0,62.6,38.0,1552,7.6,4.3,3.0,-9.00,1006.2,1016.6,1019.8,2213,1013.9,339,3.8,8.1,12.0,-9.0,17.67,2.76,1200,-9.0,-9.0,-9.00,-9.0,-9,-9.0,-9,-9.0,-9,-9.0,-9,-9.0,-9,7.8,6.6,7.3,10.3,14.3
75,20220317,108,2.7,2325,5,5.9,2052,7,10.5,2215,10.7,15.1,1413,7.8,2333,3.5,9.7,5.9,62.0,45.0,1344,7.9,3.1,2.2,-9.00,1008.5,1018.8,1021.0,902,1016.7,1715,10.0,1.9,12.0,-9.0,9.49,2.17,1100,1.2,1.2,5.50,-9.0,-9,-9.0,-9,-9.0,-9,-9.0,-9,-9.0,-9,8.3,6.9,7.5,10.3,14.3
76,20220318,108,4.4,3817,5,7.1,642,7,12.3,24,7.5,9.6,1246,5.5,2356,0.3,7.2,4.6,60.8,52.0,1536,6.3,2.2,1.5,-9.00,1000.8,1011.2,1017.7,1,1008.4,2355,9.1,0.0,12.0,-9.0,5.17,0.80,1100,0.0,10.0,4.17,-9.0,-9,-9.0,-9,-9.0,-9,-9.0,-9,-9.0,-9,8.6,7.1,7.7,10.2,14.2
77,20220319,108,3.0,2556,5,4.9,5,7,8.7,131,3.4,6.1,1557,0.9,721,1.0,4.6,-0.5,84.6,62.0,1,6.6,1.0,0.7,-9.00,998.9,1009.5,1015.6,2346,1005.0,735,8.9,0.0,12.1,-9.0,4.93,0.92,1300,14.6,4.6,11.58,-9.0,-9,-9.0,-9,-9.0,-9,0.7,1050,0.7,1050,8.1,7.4,7.9,10.2,14.2
78,20220320,108,2.6,2219,23,5.0,1648,20,9.1,1652,5.4,9.3,1556,2.2,2400,-0.8,8.2,-1.7,66.1,41.0,1518,5.9,3.2,2.3,-9.00,1008.2,1018.8,1022.9,2358,1015.6,1,5.1,6.3,12.1,-9.0,15.76,2.49,1400,0.0,0.0,3.58,-9.0,-9,-9.0,-9,-9.0,-9,-9.0,-9,-9.0,-9,7.3,7.4,8.0,10.2,14.2
79,20220321,108,2.4,2057,32,4.9,2200,29,8.4,2138,5.0,10.9,1355,-0.3,640,-5.1,6.2,-5.4,49.5,27.0,1309,4.2,3.9,2.7,-9.00,1013.3,1024.0,1026.3,740,1022.1,1847,7.5,6.8,12.2,-9.0,16.69,2.62,1200,-9.0,-9.0,-9.00,-9.0,-9,-9.0,-9,-9.0,-9,-9.0,-9,-9.0,-9,7.4,7.4,8.2,10.2,14.1
80,20220322,108,2.2,1892,27,5.1,1911,27,8.3,1904,7.1,13.6,1617,1.1,637,-3.5,9.5,-3.5,48.9,27.0,1356,4.8,4.8,3.3,-9.00,1011.4,1022.0,1024.5,831,1019.0,1755,2.5,11.0,12.2,-9.0,21.71,3.04,1200,-9.0,-9.0,-9.00,-9.0,-9,-9.0,-9,-9.0,-9,-9.0,-9,-9.0,-9,7.3,7.4,8.3,10.2,14.1
81,20220323,108,2.3,1956,25,4.0,1626,27,7.8,1251,6.2,8.2,1615,4.9,616,-1.9,7.0,-0.3,56.8,41.0,1257,5.4,2.0,1.4,-9.00,1007.5,1018.1,1020.5,23,1016.4,1634,9.0,0.0,12.2,-9.0,7.05,0.99,1000,-9.0,-9.0,-9.00,-9.0,-9,-9.0,-9,-9.0,-9,-9.0,-9,-9.0,-9,7.7,7.4,8.3,10.2,14.1
82,20220324,108,1.8,1535,20,3.9,1511,20,6.0,1550,8.2,12.4,1459,3.9,453,3.1,8.5,0.0,70.6,56.0,1,7.7,1.8,1.2,-9.00,1009.1,1019.6,1021.7,2245,1017.4,412,8.4,0.7,12.3,-9.0,6.34,1.86,1400,-9.0,-9.0,-9.00,-9.0,-9,-9.0,-9,-9.0,-9,-9.0,-9,-9.0,-9,7.6,7.5,8.4,10.2,14.0
83,20220325,108,2.6,2287,5,6.1,2306,5,10.4,2303,12.0,17.2,1549,6.3,559,6.2,10.3,1.9,70.0,46.0,1320,9.6,2.4,1.7,-9.00,1004.5,1014.8,1022.2,227,1003.2,2358,7.9,1.3,12.3,-9.0,9.06,1.42,900,10.9,29.5,4.75,-9.0,-9,-9.0,-9,-9.0,-9,-9.0,-9,-9.0,-9,7.7,7.5,8.5,10.2,14.0
84,20220326,108,2.9,2529,23,6.0,728,23,12.0,726,11.8,14.7,1735,9.5,959,8.2,12.0,6.0,80.9,53.0,2116,11.2,1.9,1.3,0.17,992.1,1002.3,1011.7,2352,994.9,548,8.3,0.9,12.4,-9.0,6.39,1.10,1000,19.8,1.2,11.08,-9.0,-9,-9.0,-9,-9.0,-9,-9.0,-9,-9.0,-9,8.5,7.6,8.5,10.2,14.0
85,20220327,108,3.0,2573,32,7.3,1701,29,13.5,1534,8.1,12.6,1432,5.0,2354,-2.7,10.8,-1.5,49.1,23.0,1650,5.2,5.6,3.9,-9.00,1005.6,1016.0,1022.6,2357,1011.5,1,0.3,10.4,12.4,-9.0,22.23,3.09,1200,-9.0,-9.0,-9.00,-9.0,-9,-9.0,-9,-9.0,-9,-9.0,-9,-9.0,-9,9.0,7.8,8.5,10.2,13.9
86,20220328,108,2.1,1833,27,4.7,1805,25,7.6,1801,8.2,15.1,1600,1.5,611,-6.9,10.5,-6.7,35.6,15.0,1428,3.7,6.6,4.6,-9.00,1015.2,1025.7,1027.5,925,1022.5,7,0.5,11.7,12.5,-9.0,24.71,3.38,1200,-9.0,-9.0,-9.00,-9.0,-9,-9.0,-9,-9.0,-9,-9.0,-9,-9.0,-9,8.9,8.1,8.6,10.0,13.9
87,20220329,108,2.1,1845,27,4.8,1443,27,8.6,1512,9.7,15.6,1545,3.3,533,0.3,11.6,-3.9,52.9,37.0,1,6.4,5.2,3.6,-9.00,1013.9,1024.4,1027.4,126,1022.1,1940,1.4,11.2,12.5,-9.0,23.32,3.21,1200,-9.0,-9.0,-9.00,-9.0,-9,-9.0,-9,-9.0,-9,-9.0,-9,-9.0,-9,9.0,8.2,8.8,10.0,13.9
88,20220330,108,1.8,1573,5,3.6,958,5,6.1,954,10.8,15.7,1209,5.9,629,6.6,9.7,-0.7,76.5,50.0,1214,9.9,1.9,1.4,-9.00,1010.3,1020.6,1022.7,217,1017.2,1641,7.0,1.2,12.5,-9.0,7.64,1.85,1100,0.4,0.4,3.25,-9.0,-9,-9.0,-9,-9.0,-9,-9.0,-9,-9.0,-9,9.3,8.3,8.9,10.1,13.8
89,20220331,108,2.5,2174,34,4.7,1632,25,8.6,1603,10.9,14.7,1421,7.6,2352,3.8,11.9,1.0,63.5,43.0,1711,8.1,3.9,2.7,-9.00,1013.4,1023.8,1028.0,2357,1020.5,117,7.0,3.3,12.6,-9.0,13.98,1.95,1400,-9.0,-9.0,-9.00,-9.0,-9,-9.0,-9,-9.0,-9,-9.0,-9,-9.0,-9,9.5,8.5,9.0,10.1,13.8
90,20220401,108,2.6,2257,27,5.0,1516,27,9.5,1510,9.2,14.9,1347,4.5,620,-1.3,12.2,0.2,50.5,26.0,1453,5.6,5.3,3.7,-9.00,1018.1,1028.7,1030.8,855,1026.5,1704,1.1,10.9,12.6,-9.0,23.35,3.08,1100,-9.0,-9.0,-9.00,-9.0,-9,-9.0,-9,-9.0,-9,-9.0,-9,-9.0,-9,9.8,8.6,9.1,10.2,13.8
91,20220402,108,2.3,1962,27,5.4,1536,25,10.9,1535,8.2,14.2,1444,3.7,618,-1.1,11.6,-4.4,55.0,28.0,1304,5.7,5.6,3.9,-9.00,1016.7,1027.3,1028.9,29,1025.2,1450,0.5,11.8,12.6,-9.0,24.09,3.27,1200,-9.0,-9.0,-9.00,-9.0,-9,-9.0,-9,-9.0,-9,-9.0,-9,-9.0,-9,9.9,8.8,9.2,10.2,13.8
92,20220403,108,2.1,1822,27,5.0,1744,29,8.0,1929,9.6,17.0,1527,3.5,629,-0.2,12.6,-4.5,55.0,24.0,1437,6.1,6.1,4.2,-9.00,1017.3,1027.8,1029.3,1023,1025.6,1547,0.0,11.9,12.7,-9.0,24.34,3.31,1200,-9.0,-9.0,-9.00,-9.0,-9,-9.0,-9,-9.0,-9,-9.0,-9,-9.0,-9,10.0,8.9,9.4,10.2,13.7
93,20220404,108,2.3,1963,25,4.8,1513,29,8.4,1416,10.3,16.4,1328,5.1,638,-0.7,13.4,-2.8,50.3,24.0,1256,5.9,6.5,4.6,-9.00,1017.2,1027.6,1029.7,713,1025.9,1747,0.0,11.6,12.7,-9.0,24.75,3.30,1200,-9.0,-9.0,-9.00,-9.0,-9,-9.0,-9,-9.0,-9,-9.0,-9,-9.0,-9,10.3,9.1,9.5,10.2,13.7
94,20220405,108,2.4,2034,20,5.5,1321,20,9.0,1314,10.3,15.8,1409,4.9,615,-3.0,12.3,-4.2,41.1,23.0,1812,4.9,5.6,3.9,-9.00,1011.9,1022.3,1026.6,1,1019.4,1612,6.1,9.9,12.8,-9.0,21.21,2.86,1200,-9.0,-9.0,-9.00,-9.0,-9,-9.0,-9,-9.0,-9,-9.0,-9,-9.0,-9,10.5,9.2,9.6,10.3,13.7
95,20220406,108,2.5,2158,27,4.4,1242,27,7.3,1216,11.7,17.0,1431,8.0,600,1.4,13.8,4.5,52.3,19.0,1358,6.9,6.0,4.2,-9.00,1010.5,1020.9,1023.2,752,1018.9,1732,6.4,8.6,12.8,-9.0,21.54,3.28,1200,-9.0,-9.0,-9.00,-9.0,-9,-9.0,-9,-9.0,-9,-9.0,-9,-9.0,-9,10.7,9.4,9.7,10.3,13.6
96,20220407,108,3.3,2842,20,7.1,1617,20,11.2,1625,10.9,15.7,1310,7.4,2359,-1.8,15.1,1.9,43.5,21.0,1714,5.5,6.3,4.4,-9.00,1007.5,1017.9,1020.3,2230,1015.5,1513,2.4,10.0,12.8,-9.0,24.30,3.38,1200,-9.0,-9.0,-9.00,-9.0,-9,-9.0,-9,-9.0,-9,-9.0,-9,-9.0,-9,11.2,9.6,9.8,10.3,13.6
97,20220408,108,2.1,1806,20,5.0,1634,18,8.5,1629,12.9,20.0,1521,5.1,612,1.4,16.1,-1.5,49.0,27.0,1315,6.7,7.0,4.9,-9.00,1008.5,1018.7,1021.9,846,1015.8,1702,0.0,12.0,12.9,-9.0,24.92,3.31,1200,-9.0,0.5,-9.00,-9.0,-9,-9.0,-9,-9.0,-9,-9.0,-9,-9.0,-9,11.5,9.8,10.0,10.3,13.6
98,20220409,108,3.0,2573,20,6.7,1924,18,12.0,1923,17.8,24.2,1418,12.4,751,5.0,18.1,4.4,43.8,34.0,1358,8.9,7.6,5.3,-9.00,1004.6,1014.6,1015.9,2,1012.5,1524,2.4,9.0,12.9,-9.0,21.41,3.11,1200,0.5,-9.0,1.08,0.5,710,0.4,736,-9.0,-9,-9.0,-9,-9.0,-9,11.8,10.0,10.1,10.3,13.6
99,20220410,108,2.0,1758,27,4.9,1748,25,8.7,1743,18.2,25.1,1501,12.7,614,5.6,20.1,4.1,46.0,22.0,1436,9.1,7.8,5.4,-9.00,1006.1,1016.1,1017.8,743,1013.9,1540,1.5,11.5,13.0,-9.0,24.18,3.25,1200,-9.0,-9.0,-9.00,-9.0,-9,-9.0,-9,-9.0,-9,-9.0,-9,-9.0,-9,12.5,10.3,10.3,10.4,13.5
100,20220411,108,2.4,2049,23,4.6,1632,20,8.3,1705,19.6,26.6,1529,13.4,556,11.2,22.4,6.5,60.4,34.0,1427,13.4,7.2,5.0,-9.00,1002.7,1012.6,1016.3,13,1009.2,1743,2.8,10.2,13.0,-9.0,24.04,3.29,1200,-9.0,0.0,-9.00,-9.0,-9,-9.0,-9,-9.0,-9,-9.0,-9,-9.0,-9,13.2,10.6,10.4,10.4,13.5
101,20220412,108,2.8,2459,29,6.4,1723,29,10.9,1752,19.3,26.4,1449,15.9,2358,15.0,23.6,13.8,77.9,50.0,1431,17.0,4.9,3.4,-9.00,1000.4,1010.4,1011.9,527,1007.2,1556,8.6,6.0,13.1,-9.0,18.23,3.01,1300,0.5,1.8,4.00,0.4,2038,0.3,2128,-9.0,-9,-9.0,-9,-9.0,-9,14.1,10.9,10.6,10.4,13.5
102,20220413,108,4.4,3817,5,8.4,1608,5,14.5,1534,13.1,15.9,1,12.0,2135,7.2,13.0,10.8,69.3,47.0,2357,10.6,3.5,2.5,-9.00,1004.2,1014.5,1017.4,2400,1010.8,109,10.0,0.0,13.1,-9.0,4.06,0.64,1000,1.3,-9.0,5.50,0.8,128,0.3,211,-9.0,-9,-9.0,-9,-9.0,-9,15.0,11.4,10.8,10.8,13.5
103,20220414,108,4.0,3465,5,6.6,826,5,11.1,826,13.2,15.3,1411,11.4,2335,3.8,14.2,8.1,53.4,45.0,354,8.0,3.9,2.7,-9.00,1008.0,1018.3,1020.5,2345,1016.5,429,9.3,0.0,13.1,-9.0,9.52,1.63,1300,-9.0,-9.0,-9.00,-9.0,-9,-9.0,-9,-9.0,-9,-9.0,-9,-9.0,-9,14.1,11.8,11.0,10.8,13.4
104,20220415,108,3.0,2622,29,5.7,1420,32,9.9,2043,13.3,19.3,1602,7.5,627,1.7,19.0,1.8,46.8,28.0,1328,6.9,7.0,4.9,-9.00,1007.4,1017.6,1020.7,12,1013.5,1600,1.0,12.2,13.2,-9.0,26.31,3.42,1200,-9.0,-9.0,-9.00,-9.0,-9,-9.0,-9,-9.0,-9,-9.0,-9,-9.0,-9,13.6,11.9,11.3,10.8,13.4
105,20220416,108,2.5,2198,27,5.5,1613,29,9.8,1633,13.2,20.2,1513,7.1,557,1.5,19.1,-1.9,48.5,18.0,1348,6.9,7.6,5.3,-9.00,1007.2,1017.5,1019.2,747,1015.0,1543,0.3,12.3,13.2,-9.0,26.64,3.47,1200,-9.0,-9.0,-9.00,-9.0,-9,-9.0,-9,-9.0,-9,-9.0,-9,-9.0,-9,13.8,12.0,11.5,10.9,13.4
106,20220417,108,2.3,1995,27,5.2,1504,29,9.0,1500,14.0,21.9,1418,7.2,559,3.5,19.5,-1.9,53.8,24.0,1818,7.9,7.2,5.1,-9.00,1007.7,1017.9,1019.6,1021,1016.3,1539,2.6,11.7,13.2,-9.0,26.00,3.45,1200,-9.0,-9.0,-9.00,-9.0,-9,-9.0,-9,-9.0,-9,-9.0,-9,-9.0,-9,13.9,12.1,11.6,10.9,13.4
107,20220418,108,2.4,2053,25,5.5,1457,27,10.2,1433,15.2,21.6,1427,11.4,309,2.6,19.3,4.4,46.1,21.0,1429,7.5,6.6,4.6,-9.00,1007.4,1017.6,1019.3,46,1015.7,1744,4.8,7.8,13.3,-9.0,20.59,3.19,1200,-9.0,-9.0,-9.00,-9.0,-9,-9.0,-9,-9.0,-9,-9.0,-9,-9.0,-9,14.3,12.2,11.8,10.9,13.4
108,20220419,108,2.4,2064,25,5.2,1558,25,8.7,1411,15.2,22.1,1357,8.9,614,4.6,20.5,0.4,51.9,28.0,1507,8.5,7.4,5.1,-9.00,1006.9,1017.1,1018.6,108,1015.4,1708,0.0,12.1,13.3,-9.0,25.17,3.27,1200,-9.0,-9.0,-9.00,-9.0,-9,-9.0,-9,-9.0,-9,-9.0,-9,-9.0,-9,14.5,12.4,11.9,11.0,13.3
109,20220420,108,2.3,1969,23,4.7,1345,29,9.0,1452,15.7,22.1,1357,9.7,610,4.0,21.3,-0.1,48.8,23.0,1327,8.1,8.0,5.6,-9.00,1005.5,1015.7,1018.0,18,1013.2,1643,0.0,12.3,13.4,-9.0,26.26,3.39,1200,-9.0,-9.0,-9.00,-9.0,-9,-9.0,-9,-9.0,-9,-9.0,-9,-9.0,-9,14.7,12.5,12.1,11.0,13.3
110,20220421,108,2.8,2382,20,5.9,1559,18,10.0,1322,16.3,22.7,1343,9.6,543,4.4,19.7,0.3,48.4,21.0,1146,8.6,6.8,4.8,-9.00,1001.6,1011.7,1015.1,1,1009.2,1536,5.3,6.3,13.4,-9.0,19.54,3.00,1100,-9.0,-9.0,-9.00,-9.0,-9,-9.0,-9,-9.0,-9,-9.0,-9,-9.0,-9,15.0,12.7,12.2,11.1,13.3
111,20220422,108,3.5,3006,23,6.6,1251,20,11.7,1238,15.0,16.8,929,13.2,2349,10.8,15.1,9.2,76.8,58.0,103,13.1,1.6,1.1,-9.00,1000.3,1010.4,1012.8,2354,1008.8,1520,8.5,0.0,13.4,-9.0,3.06,0.45,900,-9.0,-9.0,-9.00,-9.0,-9,-9.0,-9,-9.0,-9,-9.0,-9,-9.0,-9,15.2,12.9,12.4,11.1,13.3
112,20220423,108,1.7,1510,11,3.5,1341,14,6.8,1333,17.7,25.3,1555,10.4,539,7.2,22.9,2.2,57.3,21.0,1749,10.4,6.0,4.2,-9.00,1001.9,1011.9,1015.0,842,1008.7,1633,6.0,9.1,13.5,-9.0,23.47,3.26,1200,-9.0,0.3,-9.00,-9.0,-9,-9.0,-9,-9.0,-9,-9.0,-9,-9.0,-9,14.8,13.1,12.5,11.2,13.3
113,20220424,108,2.3,1976,27,5.0,1814,27,8.0,1407,18.5,24.5,1418,15.0,608,13.1,22.8,9.1,72.5,48.0,1553,15.2,5.5,3.8,-9.00,1001.2,1011.2,1012.5,2320,1008.7,1614,6.4,7.0,13.5,-9.0,20.45,3.39,1200,0.3,1.1,4.75,0.2,-9,0.1,-9,-9.0,-9,-9.0,-9,-9.0,-9,15.3,13.2,12.7,11.2,13.3
114,20220425,108,1.4,1207,11,3.2,2340,14,5.5,2331,20.0,23.6,1606,17.0,1,16.3,20.6,15.8,80.5,61.0,1554,18.6,2.8,2.0,-9.00,1000.6,1010.5,1013.8,724,1005.9,2356,10.0,0.3,13.5,-9.0,8.10,1.98,1300,1.3,1.2,11.25,0.3,529,0.1,-9,-9.0,-9,-9.0,-9,-9.0,-9,16.1,13.3,12.8,11.3,13.3
115,20220426,108,3.1,2652,29,6.7,1743,32,11.5,1740,21.9,28.7,1451,17.0,437,12.5,26.0,12.3,57.9,36.0,1538,14.7,9.0,6.3,-9.00,993.2,1003.0,1009.3,2359,998.6,1540,5.0,9.5,13.6,-9.0,24.94,3.48,1200,1.0,-9.0,4.83,0.8,237,0.3,249,-9.0,-9,-9.0,-9,-9.0,-9,16.3,13.6,12.9,11.3,13.2
116,20220427,108,2.7,2344,32,4.7,613,34,9.5,604,17.7,23.9,1551,12.6,528,0.1,24.1,5.0,31.5,17.0,1407,6.3,9.1,6.4,-9.00,1004.3,1014.4,1017.3,2258,1009.3,1,0.4,11.8,13.6,-9.0,26.83,3.46,1200,-9.0,-9.0,-9.00,-9.0,-9,-9.0,-9,-9.0,-9,-9.0,-9,-9.0,-9,17.0,13.9,13.1,11.4,13.2
117,20220428,108,2.6,2249,5,5.6,2150,5,13.1,2202,18.2,25.9,1432,11.6,603,4.9,24.4,4.4,44.0,19.0,1359,8.8,7.3,5.1,-9.00,1005.6,1015.6,1018.8,658,1013.2,1529,5.8,8.3,13.6,-9.0,22.34,3.29,1200,0.0,15.5,0.25,0.0,-9,0.0,-9,-9.0,-9,-9.0,-9,-9.0,-9,17.1,14.2,13.3,11.5,13.2
118,20220429,108,3.4,2947,5,5.7,1016,7,10.6,917,13.4,16.5,1236,10.7,619,7.8,15.1,8.4,70.6,54.0,1415,10.7,3.7,2.6,-9.00,1006.3,1016.5,1020.3,2356,1014.2,252,8.8,1.5,13.7,-9.0,13.08,2.77,1100,15.5,0.0,9.75,4.0,423,0.9,454,-9.0,-9,-9.0,-9,-9.0,-9,17.3,14.4,13.4,11.5,13.2
119,20220430,108,2.9,2494,27,6.6,1511,27,10.5,1513,13.0,17.8,1326,10.5,143,7.0,14.6,5.9,68.0,49.0,1328,10.1,3.7,2.6,-9.00,1007.2,1017.4,1020.5,9,1014.5,1651,8.0,0.8,13.7,-9.0,12.52,2.18,1300,-9.0,-9.0,-9.00,-9.0,-9,-9.0,-9,-9.0,-9,-9.0,-9,-9.0,-9,16.6,14.6,13.6,11.6,13.2
120,20220501,108,3.1,2702,23,7.5,1424,23,14.1,1415,13.4,19.2,1512,7.9,514,3.3,19.1,-0.5,54.8,22.0,1329,7.9,7.3,5.1,-9.00,1002.6,1012.8,1016.6,16,1010.3,1739,1.3,10.0,13.8,-9.0,27.41,3.63,1200,-9.0,-9.0,-9.00,-9.0,-9,-9.0,-9,-9.0,-9,-9.0,-9,-9.0,-9,16.1,14.6,13.8,11.6,13.2
121,20220502,108,2.4,2087,25,5.2,1250,29,10.4,1233,14.2,19.4,1508,9.1,538,4.3,20.3,0.9,56.5,26.0,1621,8.5,7.0,4.9,-9.00,1003.2,1013.4,1016.7,2350,1011.6,1514,2.0,10.4,13.8,-9.0,26.03,3.69,1200,-9.0,-9.0,-9.00,-9.0,-9,-9.0,-9,-9.0,-9,-9.0,-9,-9.0,-9,16.2,14.6,13.9,11.7,13.2
122,20220503,108,2.5,2180,18,5.3,1300,25,9.5,1658,14.8,20.8,1535,9.1,606,2.2,21.5,0.4,45.9,24.0,1430,7.3,8.4,5.9,-9.00,1008.5,1018.7,1019.8,2242,1016.7,1,1.0,12.5,13.8,-9.0,28.07,3.51,1200,-9.0,-9.0,-9.00,-9.0,-9,-9.0,-9,-9.0,-9,-9.0,-9,-9.0,-9,16.3,14.6,14.0,11.7,13.2
123,20220504,108,2.7,2354,23,5.7,1545,23,9.8,1427,17.8,25.2,1348,10.0,620,4.8,23.3,2.3,43.3,31.0,1011,8.7,8.9,6.3,-9.00,1008.5,1018.6,1019.8,21,1016.5,1603,0.0,12.6,13.9,-9.0,27.22,3.41,1200,-9.0,-9.0,-9.00,-9.0,-9,-9.0,-9,-9.0,-9,-9.0,-9,-9.0,-9,16.6,14.7,14.1,11.8,13.2
124,20220505,108,2.2,1934,27,4.8,1812,23,7.2,1741,18.9,25.8,1501,12.5,557,7.1,26.5,3.3,48.1,30.0,926,10.3,8.5,6.0,-9.00,1008.3,1018.4,1020.5,945,1015.7,1704,0.5,12.7,13.9,-9.0,29.35,3.67,1200,-9.0,-9.0,-9.00,-9.0,-9,-9.0,-9,-9.0,-9,-9.0,-9,-9.0,-9,17.0,14.8,14.2,11.9,13.2
125,20220506,108,2.5,2158,20,5.1,1326,32,8.6,1223,19.6,25.6,1345,13.7,530,12.8,25.6,5.7,67.1,40.0,1412,14.9,6.8,4.8,-9.00,1006.1,1016.1,1017.8,28,1014.1,1640,5.3,10.3,13.9,-9.0,25.60,3.69,1200,-9.0,0.5,-9.00,-9.0,-9,-9.0,-9,-9.0,-9,-9.0,-9,-9.0,-9,17.6,15.0,14.3,11.9,13.2
126,20220507,108,3.0,2633,29,5.9,1219,27,10.7,1436,18.4,23.1,1319,15.3,754,6.3,23.2,8.6,52.4,18.0,1557,10.5,8.6,6.0,-9.00,1006.6,1016.7,1018.7,2327,1015.3,1544,8.6,6.8,13.9,-9.0,22.57,3.57,1200,0.5,-9.0,3.92,0.2,-9,0.2,-9,-9.0,-9,-9.0,-9,-9.0,-9,18.2,15.2,14.4,12.0,13.2
127,20220508,108,2.8,2461,5,5.2,1918,5,10.6,1915,15.3,18.2,1230,11.7,2344,4.6,16.2,10.0,51.8,35.0,1,8.6,3.3,2.3,-9.00,1008.7,1018.9,1020.9,731,1017.1,1642,9.1,0.0,14.0,-9.0,6.20,1.00,1200,2.0,2.0,5.58,1.1,2110,0.4,2113,-9.0,-9,-9.0,-9,-9.0,-9,18.4,15.5,14.6,12.1,13.2
128,20220509,108,2.2,1900,11,4.5,1252,11,7.3,1344,17.9,25.3,1620,11.0,613,8.2,23.6,7.3,56.4,30.0,1628,10.8,8.1,5.7,-9.00,1007.8,1017.9,1020.1,736,1015.3,1647,3.1,12.8,14.0,-9.0,29.25,3.77,1200,-9.0,-9.0,-9.00,-9.0,-9,-9.0,-9,-9.0,-9,-9.0,-9,-9.0,-9,17.7,15.7,14.7,12.1,13.2
129,20220510,108,2.2,1910,16,4.6,1338,16,9.2,1342,19.9,26.3,1529,13.6,547,4.1,26.7,5.8,39.0,16.0,1424,8.3,10.1,7.1,-9.00,1005.7,1015.7,1018.5,742,1012.8,1728,7.3,9.5,14.0,-9.0,27.82,3.75,1200,0.0,0.0,1.33,0.0,-9,0.0,-9,-9.0,-9,-9.0,-9,-9.0,-9,18.1,15.8,14.9,12.2,13.2
130,20220511,108,2.4,2093,23,4.4,1609,29,7.8,1531,19.7,25.2,1508,16.6,2353,8.7,28.2,12.6,50.4,35.0,1331,11.3,7.2,5.0,-9.00,1004.7,1014.6,1015.8,917,1013.0,1607,6.9,9.8,14.1,-9.0,25.73,3.31,1100,0.0,-9.0,0.92,0.0,-9,0.0,-9,-9.0,-9,-9.0,-9,-9.0,-9,18.6,15.9,15.0,12.2,13.2
131,20220512,108,1.9,1621,25,4.8,1657,27,7.3,1653,20.9,28.1,1540,14.1,607,9.8,28.5,7.8,51.5,32.0,1432,12.1,8.3,5.8,-9.00,1000.7,1010.6,1014.7,1,1007.6,1725,3.9,11.4,14.1,-9.0,27.45,3.47,1200,-9.0,-9.0,-9.00,-9.0,-9,-9.0,-9,-9.0,-9,-9.0,-9,-9.0,-9,19.1,16.1,15.1,12.3,13.2
132,20220513,108,2.2,1923,29,6.1,1753,32,11.7,1749,19.4,25.2,1355,15.0,2358,6.9,24.2,7.1,45.8,28.0,1509,10.0,6.8,4.8,-9.00,997.5,1007.4,1009.3,2333,1004.6,1529,5.9,4.8,14.1,-9.0,19.95,2.71,1000,-9.0,-9.0,-9.00,-9.0,-9,-9.0,-9,-9.0,-9,-9.0,-9,-9.0,-9,19.6,16.4,15.3,12.3,13.2
133,20220514,108,3.3,2855,27,6.3,1143,23,11.9,1650,15.7,20.0,1342,11.9,545,3.5,22.0,3.6,45.5,29.0,1103,7.9,7.5,5.2,-9.00,1001.8,1011.9,1015.6,2325,1009.1,154,4.4,10.8,14.2,-9.0,22.58,2.61,1300,-9.0,-9.0,-9.00,-9.0,-9,-9.0,-9,-9.0,-9,-9.0,-9,-9.0,-9,19.5,16.6,15.4,12.4,13.2
134,20220515,108,3.2,2735,27,6.4,1531,27,10.8,1511,16.2,22.4,1509,10.5,516,1.8,24.7,1.4,39.8,24.0,1708,7.0,9.4,6.6,-9.00,1003.6,1013.7,1016.1,837,1011.2,1740,2.0,12.9,14.2,-9.0,30.01,3.68,1200,-9.0,-9.0,-9.00,-9.0,-9,-9.0,-9,-9.0,-9,-9.0,-9,-9.0,-9,19.1,16.8,15.6,12.5,13.2
135,20220516,108,2.8,2445,23,5.9,1650,25,10.8,1645,17.3,23.7,1352,10.9,537,8.0,25.5,1.9,56.3,36.0,1409,10.8,8.2,5.8,-9.00,1001.0,1011.1,1013.7,21,1008.3,1550,0.5,13.1,14.2,-9.0,28.89,3.53,1200,-9.0,-9.0,-9.00,-9.0,-9,-9.0,-9,-9.0,-9,-9.0,-9,-9.0,-9,19.2,16.9,15.7,12.5,13.2
136,20220517,108,2.4,2085,18,5.1,1459,20,9.4,1429,20.0,27.4,1527,13.0,551,11.3,27.5,7.1,60.1,36.0,1453,13.4,7.8,5.5,-9.00,1002.6,1012.5,1014.7,2337,1010.8,1500,0.3,12.8,14.2,-9.0,27.56,3.41,1200,-9.0,0.0,-9.00,-9.0,-9,-9.0,-9,-9.0,-9,-9.0,-9,-9.0,-9,19.5,17.0,15.9,12.6,13.2
137,20220518,108,2.9,2511,20,6.0,1723,23,11.0,1824,20.0,25.4,1404,15.7,442,11.4,19.6,8.3,59.4,39.0,1338,13.5,6.1,4.2,-9.00,1005.5,1015.4,1018.0,902,1012.9,1751,4.3,6.4,14.3,-9.0,15.71,2.96,1300,1.5,1.5,2.33,1.5,853,0.6,911,-9.0,-9,-9.0,-9,-9.0,-9,20.0,17.1,16.0,12.7,13.2
138,20220519,108,3.0,2615,18,5.4,1346,18,10.6,1611,19.9,24.2,1406,16.1,614,9.9,24.5,10.5,53.6,43.0,1036,12.3,6.5,4.6,-9.00,1006.0,1016.0,1016.7,2306,1014.6,1811,4.9,7.8,14.3,-9.0,20.97,2.56,1000,-9.0,-9.0,-9.00,-9.0,-9,-9.0,-9,-9.0,-9,-9.0,-9,-9.0,-9,19.7,17.3,16.1,12.7,13.2
139,20220520,108,2.3,2005,27,5.1,1334,27,8.4,1359,20.6,25.8,1322,15.6,543,10.1,26.6,7.8,52.8,28.0,1554,12.4,7.3,5.1,-9.00,1003.2,1013.1,1016.3,1,1010.5,1745,5.0,10.8,14.3,-9.0,25.74,3.29,1200,-9.0,-9.0,-9.00,-9.0,-9,-9.0,-9,-9.0,-9,-9.0,-9,-9.0,-9,19.8,17.4,16.3,12.8,13.2
140,20220521,108,2.5,2125,27,5.1,1433,29,9.3,1608,20.1,26.0,1420,16.1,2349,14.2,27.1,10.6,70.8,48.0,1559,16.2,6.5,4.6,-9.00,999.1,1009.0,1011.9,1,1006.5,1756,3.6,9.3,14.3,-9.0,24.88,3.47,1200,-9.0,-9.0,-9.00,-9.0,-9,-9.0,-9,-9.0,-9,-9.0,-9,-9.0,-9,20.2,17.5,16.4,12.9,13.2
141,20220522,108,2.5,2134,18,4.6,1229,20,8.2,1246,20.3,25.8,1450,15.7,315,14.5,27.6,13.9,70.9,52.0,1431,16.5,6.5,4.6,-9.00,997.6,1007.5,1009.3,2354,1005.6,1550,3.8,9.0,14.4,-9.0,24.30,3.45,1200,-9.0,-9.0,-9.00,-9.0,-9,-9.0,-9,-9.0,-9,-9.0,-9,-9.0,-9,20.7,17.7,16.5,12.9,13.3
142,20220523,108,2.3,2021,25,4.3,1656,20,7.2,1931,23.0,30.7,1513,17.8,108,15.1,30.2,13.7,63.5,39.0,1516,17.2,8.2,5.8,-9.00,1001.7,1011.5,1014.6,2259,1009.3,1,3.0,10.4,14.4,-9.0,26.01,3.38,1200,-9.0,-9.0,-9.00,-9.0,-9,-9.0,-9,-9.0,-9,-9.0,-9,-9.0,-9,21.1,17.9,16.6,13.0,13.3
143,20220524,108,2.1,1789,25,4.6,1727,25,7.5,1453,22.9,30.2,1450,16.7,528,12.9,30.8,9.9,56.8,29.0,1505,14.9,8.8,6.1,-9.00,1003.7,1013.5,1016.2,813,1011.3,1628,3.4,12.3,14.4,-9.0,28.86,3.59,1200,-9.0,-9.0,-9.00,-9.0,-9,-9.0,-9,-9.0,-9,-9.0,-9,-9.0,-9,21.6,18.1,16.8,13.1,13.3
144,20220525,108,2.6,2240,27,5.0,1509,29,9.6,1500,21.0,26.7,1211,16.7,2400,13.9,28.7,10.4,66.6,36.0,1539,15.9,6.4,4.5,-9.00,998.4,1008.3,1012.4,3,1005.1,2018,6.5,8.1,14.5,-9.0,22.59,2.99,1100,3.5,3.5,4.92,2.9,2100,1.4,2112,-9.0,-9,-9.0,-9,-9.0,-9,22.0,18.4,16.9,13.1,13.3
145,20220526,108,3.7,3206,20,7.6,1541,20,13.0,1720,18.7,23.5,1513,14.1,540,9.7,24.7,10.4,59.9,29.0,1642,12.3,9.1,6.4,-9.00,993.9,1003.8,1006.4,816,1001.0,2355,4.5,11.6,14.5,-9.0,28.88,3.73,1200,0.0,0.0,0.75,0.0,-9,0.0,-9,-9.0,-9,-9.0,-9,-9.0,-9,22.0,18.7,17.1,13.2,13.3
146,20220527,108,3.3,2890,27,6.3,1233,29,10.0,1224,20.0,25.6,1552,16.0,601,12.2,29.1,13.5,62.5,47.0,1212,14.3,8.1,5.7,-9.00,991.1,1000.9,1004.2,2338,999.1,348,2.4,11.8,14.5,-9.0,28.71,3.45,1200,0.0,-9.0,0.17,0.0,-9,0.0,-9,-9.0,-9,-9.0,-9,-9.0,-9,21.7,18.8,17.3,13.3,13.3
147,20220528,108,2.8,2380,23,6.8,1550,20,12.4,1542,22.3,29.3,1426,15.0,439,11.7,27.2,7.3,54.1,29.0,1821,13.8,8.9,6.2,-9.00,995.1,1004.8,1007.0,2352,1003.1,306,2.1,12.4,14.5,-9.0,27.49,3.41,1200,-9.0,-9.0,-9.00,-9.0,-9,-9.0,-9,-9.0,-9,-9.0,-9,-9.0,-9,21.8,19.0,17.4,13.3,13.3
148,20220529,108,2.3,2011,27,5.0,1832,20,9.2,31,23.1,29.7,1648,19.3,446,16.1,27.0,16.7,66.4,39.0,1600,18.3,6.4,4.5,-9.00,995.0,1004.7,1007.2,723,1002.0,1639,6.0,7.0,14.5,-9.0,21.50,3.58,1100,-9.0,0.0,-9.00,-9.0,-9,-9.0,-9,-9.0,-9,-9.0,-9,-9.0,-9,22.1,19.1,17.6,13.4,13.3
149,20220530,108,2.5,2129,25,4.8,1456,27,9.8,1557,20.8,24.7,1237,17.2,2335,15.2,23.4,10.6,71.0,55.0,2145,17.4,3.9,2.7,-9.00,992.5,1002.3,1005.4,2357,1000.2,1507,7.9,0.2,14.5,-9.0,9.80,1.77,1100,0.0,0.0,1.08,0.0,-9,0.0,-9,-9.0,-9,-9.0,-9,-9.0,-9,22.4,19.2,17.7,13.5,13.3
150,20220531,108,2.5,2165,23,6.6,1611,23,11.8,1611,20.7,27.2,1428,14.2,525,6.4,28.1,6.5,42.4,19.0,1512,9.8,9.7,6.8,-9.00,997.5,1007.4,1008.9,959,1005.4,1,1.4,12.0,14.6,-9.0,27.48,3.62,1200,-9.0,-9.0,-9.00,-9.0,-9,-9.0,-9,-9.0,-9,-9.0,-9,-9.0,-9,22.0,19.4,17.9,13.5,13.4
151,20220601,108,2.6,2255,27,5.5,1309,29,10.3,1306,22.1,28.6,1415,16.2,547,7.3,29.4,9.5,41.6,18.0,1418,10.4,10.9,7.6,-9.00,995.8,1005.6,1009.3,333,1003.0,1752,0.6,13.5,14.6,-9.0,30.79,3.72,1200,-9.0,-9.0,-9.00,-9.0,-9,-9.0,-9,-9.0,-9,-9.0,-9,-9.0,-9,22.0,19.5,18.0,13.6,13.4
152,20220602,108,2.7,2302,27,4.5,1443,20,7.6,1355,21.5,26.9,1324,17.1,150,14.8,30.6,9.1,67.4,46.0,1351,16.9,7.7,5.4,-9.00,997.3,1007.2,1008.8,2349,1005.3,38,3.9,10.4,14.6,-9.0,27.13,3.43,1300,-9.0,-9.0,-9.00,-9.0,-9,-9.0,-9,-9.0,-9,-9.0,-9,-9.0,-9,22.4,19.5,18.1,13.7,13.4
153,20220603,108,2.0,1751,25,4.6,1521,27,7.9,1627,24.5,32.6,1506,18.7,23,16.3,33.7,16.3,62.8,34.0,1348,18.5,8.3,5.8,-9.00,999.4,1009.2,1011.1,2358,1007.3,1428,4.1,10.6,14.6,-9.0,27.20,3.46,1200,-9.0,-9.0,-9.00,-9.0,-9,-9.0,-9,-9.0,-9,-9.0,-9,-9.0,-9,22.8,19.7,18.2,13.8,13.4
154,20220604,108,1.7,1460,18,2.8,1208,18,5.0,1040,25.6,29.7,1724,20.3,546,16.0,30.4,16.7,57.0,44.0,1752,18.3,5.7,4.0,-9.00,999.4,1009.1,1012.0,408,1005.7,2356,7.0,6.2,14.6,-9.0,18.22,2.70,1000,-9.0,0.0,-9.00,-9.0,-9,-9.0,-9,-9.0,-9,-9.0,-9,-9.0,-9,23.5,19.9,18.4,13.8,13.4
155,20220605,108,2.3,2007,11,4.3,1346,11,9.5,1340,22.7,27.0,1142,20.2,2132,14.3,23.8,18.0,59.8,43.0,1115,16.3,3.5,2.4,-9.00,992.9,1002.6,1006.1,5,999.9,2358,9.1,0.1,14.7,-9.0,8.16,1.84,1000,0.0,3.5,1.58,0.0,-9,0.0,-9,-9.0,-9,-9.0,-9,-9.0,-9,23.6,20.1,18.5,13.9,13.4
156,20220606,108,3.2,2800,5,5.7,1342,2,11.4,1459,19.7,24.5,1517,16.7,2323,13.4,23.4,14.8,69.0,47.0,1632,15.5,6.9,4.8,-9.00,991.8,1001.6,1006.4,2341,998.9,356,6.9,5.5,14.7,-9.0,21.01,3.52,1300,4.3,0.8,8.00,1.7,638,1.2,233,-9.0,-9,-9.0,-9,-9.0,-9,23.0,20.3,18.7,14.0,13.5
157,20220607,108,2.7,2371,5,5.2,58,7,10.0,32,20.6,25.1,1236,15.1,550,10.8,24.8,13.1,54.5,39.0,1305,12.9,5.8,4.1,-9.00,997.3,1007.2,1009.8,2400,1005.8,245,6.4,6.2,14.7,-9.0,17.34,3.34,1100,0.0,-9.0,0.67,0.0,-9,0.0,-9,-9.0,-9,-9.0,-9,-9.0,-9,22.6,20.3,18.8,14.1,13.5
158,20220608,108,2.3,1986,27,3.9,1827,5,6.7,427,21.2,25.8,1449,16.2,541,13.3,28.5,14.0,61.6,48.0,1451,15.4,4.4,3.1,-9.00,1001.1,1011.0,1012.7,2224,1009.2,1539,6.4,5.1,14.7,-9.0,16.97,2.60,900,-9.0,0.1,-9.00,-9.0,-9,-9.0,-9,-9.0,-9,-9.0,-9,-9.0,-9,22.3,20.3,18.9,14.1,13.5
159,20220609,108,1.6,1356,29,3.5,1633,29,6.7,1625,20.9,24.5,1620,18.5,517,16.4,22.4,13.9,76.1,56.0,1739,18.6,3.4,2.4,-9.00,1003.0,1012.8,1014.1,1001,1011.5,1803,5.5,2.6,14.7,-9.0,10.66,1.81,1400,2.6,2.5,4.33,2.5,1245,1.3,1259,-9.0,-9,-9.0,-9,-9.0,-9,22.3,20.3,19.0,14.2,13.5
160,20220610,108,1.9,1683,29,4.8,1332,29,8.2,1325,20.9,26.6,1128,17.2,534,16.2,22.3,12.4,75.8,50.0,1138,18.4,4.3,3.0,-9.00,1003.8,1013.7,1014.7,2155,1012.6,1522,5.6,4.8,14.7,-9.0,15.38,2.52,1100,1.2,1.2,2.67,1.2,1338,0.7,1410,-9.0,-9,-9.0,-9,-9.0,-9,21.9,20.2,19.1,14.3,13.5
161,20220611,108,2.2,1872,2,4.7,1822,7,8.1,1311,24.6,32.7,1629,17.7,527,15.5,27.8,13.4,59.6,33.0,1333,17.6,8.9,6.3,-9.00,1002.1,1011.9,1014.1,36,1008.6,1652,3.4,10.7,14.7,-9.0,26.54,3.53,1200,-9.0,-9.0,-9.00,-9.0,-9,-9.0,-9,-9.0,-9,-9.0,-9,-9.0,-9,21.8,20.2,19.1,14.3,13.6
162,20220612,108,2.5,2130,25,3.8,1653,5,6.8,802,24.6,31.5,1520,18.9,525,15.5,32.4,15.3,58.9,36.0,1524,17.7,7.1,4.9,-9.00,1001.9,1011.6,1013.8,648,1009.3,1609,5.8,9.3,14.7,-9.0,24.52,3.19,1200,-9.0,18.0,-9.00,-9.0,-9,-9.0,-9,-9.0,-9,-9.0,-9,-9.0,-9,22.5,20.1,19.1,14.4,13.6
163,20220613,108,2.6,2247,36,4.4,1552,7,8.6,2150,23.6,29.2,1234,19.6,513,17.1,25.0,17.9,68.5,51.0,1252,19.7,7.0,4.9,-9.00,999.0,1008.8,1011.2,1,1006.0,1420,7.5,7.7,14.7,-9.0,20.66,3.11,1100,18.0,0.0,3.83,15.9,243,6.7,323,-9.0,-9,-9.0,-9,-9.0,-9,23.0,20.2,19.2,14.5,13.6
164,20220614,108,4.2,3614,5,6.0,1851,7,12.2,855,21.5,27.1,1245,17.7,2357,12.2,23.1,14.6,56.4,42.0,1154,14.2,6.0,4.2,-9.00,998.4,1008.2,1009.8,1,1007.2,1436,7.8,5.7,14.8,-9.0,18.58,3.50,1100,0.0,10.5,1.67,0.0,-9,0.0,-9,-9.0,-9,-9.0,-9,-9.0,-9,23.0,20.4,19.2,14.6,13.6
165,20220615,108,2.3,2026,7,3.7,621,5,7.4,1,17.5,20.1,1921,14.9,603,16.2,18.7,14.2,92.4,71.0,1,18.5,1.4,1.0,-9.00,996.0,1006.0,1007.6,1,1004.6,1742,9.8,0.0,14.8,-9.0,5.62,0.77,1500,18.5,8.7,17.58,5.8,144,1.6,203,-9.0,-9,-9.0,-9,-9.0,-9,22.6,20.5,19.3,14.6,13.7
166,20220616,108,2.3,1964,20,4.4,1404,18,6.9,1405,20.3,24.8,1737,17.6,619,16.1,21.1,13.8,78.4,53.0,1720,18.3,3.7,2.6,-9.00,997.7,1007.6,1008.7,2323,1005.5,4,5.6,3.8,14.8,-9.0,13.00,1.63,1600,0.7,-9.0,4.33,0.3,35,0.3,47,-9.0,-9,-9.0,-9,-9.0,-9,21.7,20.5,19.4,14.7,13.7
167,20220617,108,1.9,1630,18,3.7,1606,18,6.6,1505,22.5,28.1,1413,16.5,533,17.9,23.5,11.6,76.4,56.0,1416,20.6,4.9,3.5,-9.00,997.9,1007.7,1009.6,934,1005.6,1706,5.8,3.2,14.8,-9.0,17.86,3.41,1300,-9.0,-9.0,-9.00,-9.0,-9,-9.0,-9,-9.0,-9,-9.0,-9,-9.0,-9,21.6,20.3,19.4,14.8,13.7
168,20220618,108,1.7,1457,29,4.0,1914,29,6.0,1908,23.3,25.1,1722,22.0,538,19.5,23.1,18.6,79.6,72.0,1053,22.7,2.0,1.4,-9.00,997.5,1007.3,1008.9,2242,1006.0,1714,7.6,0.0,14.8,-9.0,6.07,0.69,1000,0.0,0.0,0.25,0.0,-9,0.0,-9,-9.0,-9,-9.0,-9,-9.0,-9,22.2,20.2,19.4,14.8,13.7
169,20220619,108,1.4,1242,18,3.0,1435,20,4.7,1432,23.4,25.1,1719,22.3,303,20.0,23.3,19.0,81.6,74.0,1714,23.4,1.8,1.3,-9.00,997.6,1007.4,1008.7,17,1006.0,1727,8.6,0.0,14.8,-9.0,5.06,0.65,1600,-9.0,-9.0,-9.00,-9.0,-9,-9.0,-9,-9.0,-9,-9.0,-9,-9.0,-9,22.3,20.3,19.4,14.9,13.7
170,20220620,108,1.3,1136,27,2.8,1910,25,4.4,1337,25.2,29.0,1611,22.0,543,20.5,26.4,18.5,76.6,58.0,1747,24.2,4.0,2.8,-9.00,994.8,1004.4,1006.6,1,1002.4,1726,6.0,1.8,14.8,-9.0,12.59,2.26,1300,-9.0,-9.0,-9.00,-9.0,-9,-9.0,-9,-9.0,-9,-9.0,-9,-9.0,-9,22.3,20.3,19.5,14.9,13.8
171,20220621,108,2.0,1733,27,4.0,1647,27,7.2,1544,26.5,32.6,1539,21.2,553,20.8,32.3,16.3,72.6,48.0,1415,24.5,8.0,5.6,-9.00,993.9,1003.5,1005.5,2349,1001.6,1439,3.1,12.6,14.8,-9.0,28.94,3.56,1200,-9.0,-9.0,-9.00,-9.0,-9,-9.0,-9,-9.0,-9,-9.0,-9,-9.0,-9,22.7,20.4,19.5,15.0,13.8
172,20220622,108,2.1,1818,29,4.2,1655,25,6.6,1633,25.9,31.0,1542,21.9,344,19.9,31.5,19.1,71.1,44.0,1600,23.3,6.4,4.5,-9.00,997.1,1006.7,1008.5,822,1005.4,1,6.1,7.4,14.8,-9.0,22.39,3.05,1100,-9.0,0.8,-9.00,-9.0,-9,-9.0,-9,-9.0,-9,-9.0,-9,-9.0,-9,23.7,20.5,19.5,15.1,13.8
173,20220623,108,2.8,2385,20,6.4,2006,18,13.1,2318,24.3,26.4,1130,23.3,2216,22.2,23.3,17.8,89.1,74.0,2,26.9,1.1,0.8,-9.00,989.5,999.2,1005.9,1,993.8,2400,8.9,0.0,14.8,-9.0,3.41,0.74,1000,103.0,121.3,13.50,34.4,1754,8.9,1839,-9.0,-9,-9.0,-9,-9.0,-9,24.3,20.8,19.6,15.1,13.8
174,20220624,108,3.5,2996,23,5.4,210,20,9.8,204,22.6,24.9,1805,20.6,617,21.0,23.6,20.1,90.9,76.0,1851,24.9,2.7,1.9,-9.00,988.1,997.7,1001.6,2248,992.8,209,8.4,1.7,14.8,-9.0,8.50,1.44,1000,19.1,0.0,6.83,14.4,1,5.5,2,-9.0,-9,-9.0,-9,-9.0,-9,24.1,22.0,20.4,15.2,13.9
175,20220625,108,2.8,2406,23,5.1,1920,20,8.9,1756,26.0,30.5,1512,21.5,221,22.2,26.7,18.9,80.4,69.0,1445,26.8,4.9,3.5,-9.00,994.1,1003.7,1007.0,2246,1000.9,127,7.5,3.0,14.8,-9.0,17.55,2.77,1300,-9.0,-9.0,-9.00,-9.0,-9,-9.0,-9,-9.0,-9,-9.0,-9,-9.0,-9,23.8,21.9,20.8,15.5,13.9
176,20220626,108,2.6,2254,18,5.0,1215,23,8.5,1451,26.5,28.1,1500,24.8,234,23.1,24.8,23.0,82.1,79.0,1453,28.3,1.8,1.3,-9.00,998.2,1007.8,1010.8,2227,1005.4,212,10.0,0.0,14.8,-9.0,3.00,0.78,1200,-9.0,1.2,-9.00,-9.0,-9,-9.0,-9,-9.0,-9,-9.0,-9,-9.0,-9,24.3,21.8,20.7,15.6,13.9
177,20220627,108,2.8,2406,20,6.0,1703,20,13.7,1716,26.8,28.1,1107,25.4,454,23.8,26.1,23.9,84.4,76.0,2331,29.5,2.9,2.0,-9.00,996.7,1006.4,1010.1,116,1003.3,1832,10.0,0.0,14.8,-9.0,4.75,0.86,1200,6.1,6.1,14.25,1.6,1145,1.2,1331,-9.0,-9,-9.0,-9,-9.0,-9,24.2,21.8,20.7,15.6,13.9
178,20220628,108,5.8,4990,20,9.9,549,18,20.9,1305,26.9,27.9,1001,25.7,2337,23.4,25.1,23.6,81.9,74.0,1002,28.8,2.2,1.5,-9.00,992.6,1002.2,1003.9,2,1001.2,1551,10.0,0.0,14.8,-9.0,3.33,0.66,800,6.3,16.5,14.08,3.2,1317,3.1,1403,-9.0,-9,-9.0,-9,-9.0,-9,24.2,21.8,20.7,15.6,14.0
179,20220629,108,4.1,3500,20,9.0,357,18,17.3,359,25.1,26.1,1733,24.4,2134,24.3,25.3,23.8,95.5,89.0,1,30.4,1.0,0.7,-9.00,994.5,1004.2,1007.7,2353,1000.1,343,10.0,0.0,14.7,-9.0,2.94,0.64,1400,37.8,114.7,20.75,10.6,1133,6.9,1212,-9.0,-9,-9.0,-9,-9.0,-9,24.1,21.9,20.7,15.7,14.0
180,20220630,108,2.3,1999,5,4.6,1656,7,9.4,1648,22.3,24.5,1,21.2,1739,22.1,22.6,21.0,99.3,97.0,230,26.6,1.1,0.8,-9.00,1000.6,1010.4,1013.1,2244,1007.1,3,10.0,0.0,14.7,-9.0,2.42,0.50,1100,176.2,87.9,22.83,24.0,953,10.9,1019,-9.0,-9,-9.0,-9,-9.0,-9,24.3,22.6,21.8,16.6,14.0
181,20220701,108,2.1,1805,23,4.8,1646,27,7.7,1636,26.6,30.9,1536,21.9,1,23.2,29.0,20.6,83.3,61.0,1547,28.5,6.3,4.4,-9.00,1004.4,1014.1,1014.9,1055,1012.9,1,5.6,7.2,14.7,-9.0,21.53,2.78,1200,-9.0,-9.0,-9.00,-9.0,-9,-9.0,-9,-9.0,-9,-9.0,-9,-9.0,-9,23.5,23.0,23.0,20.1,14.4
182,20220702,108,1.7,1494,27,3.4,1808,29,5.3,1829,28.8,33.8,1601,24.0,521,23.0,30.8,21.0,72.8,50.0,1504,28.1,7.3,5.1,-9.00,1002.6,1012.3,1014.7,1,1009.8,1806,4.1,10.8,14.7,-9.0,25.83,3.50,1200,-9.0,-9.0,-9.00,-9.0,-9,-9.0,-9,-9.0,-9,-9.0,-9,-9.0,-9,24.5,22.7,22.6,18.8,14.9
183,20220703,108,1.7,1485,27,3.8,1705,29,6.4,1554,29.3,34.2,1522,24.4,612,22.5,31.6,20.6,68.6,47.0,1329,27.3,7.8,5.4,-9.00,998.6,1008.1,1011.1,25,1006.1,1745,4.6,10.8,14.7,-9.0,26.25,3.41,1200,-9.0,-9.0,-9.00,-9.0,-9,-9.0,-9,-9.0,-9,-9.0,-9,-9.0,-9,25.5,22.8,22.3,18.0,14.9
184,20220704,108,1.8,1579,34,4.5,1311,34,7.8,1308,29.3,32.6,1621,26.4,524,23.5,30.8,22.9,71.8,59.0,1601,29.0,4.7,3.3,-9.00,995.3,1004.9,1006.9,55,1003.1,1726,6.9,3.6,14.7,-9.0,14.90,2.50,1500,0.0,0.0,0.83,0.0,-9,0.0,-9,-9.0,-9,-9.0,-9,-9.0,-9,26.2,23.0,22.2,17.6,14.9
185,20220705,108,1.7,1474,32,4.2,1754,18,7.6,1435,29.2,33.1,1545,26.7,459,23.9,31.4,24.1,73.8,61.0,1435,29.7,5.1,3.6,-9.00,995.1,1004.6,1006.5,2255,1003.2,1539,7.5,2.6,14.7,-9.0,15.99,2.62,1400,0.0,0.0,1.42,0.0,-9,0.0,-9,-9.0,-9,-9.0,-9,-9.0,-9,26.4,23.2,22.1,17.4,14.8
186,20220706,108,2.1,1835,25,5.3,2145,23,11.6,2137,29.5,33.3,1645,26.2,502,24.6,31.9,23.4,76.0,61.0,1638,30.9,4.3,3.0,-9.00,997.0,1006.5,1007.9,812,1004.8,1723,7.3,1.1,14.7,-9.0,14.49,2.19,1400,16.1,16.1,2.50,15.6,2154,9.6,2202,-9.0,-9,-9.0,-9,-9.0,-9,26.6,23.4,22.2,17.3,14.8
187,20220707,108,2.8,2388,18,5.4,1902,18,10.0,1848,28.2,31.0,1608,26.4,439,24.8,28.2,24.2,82.3,69.0,1142,31.3,3.1,2.2,-9.00,995.4,1004.9,1007.2,55,1003.0,1823,9.3,0.6,14.7,-9.0,8.29,1.46,1500,0.0,1.7,3.67,0.0,-9,0.0,-9,-9.0,-9,-9.0,-9,-9.0,-9,26.8,23.6,22.2,17.2,14.8
188,20220708,108,2.9,2472,23,4.7,155,25,8.5,204,25.8,27.9,1647,24.0,2357,22.8,26.0,23.4,84.4,70.0,1701,27.8,2.3,1.6,-9.00,993.0,1002.6,1003.8,814,1000.8,1751,9.5,0.0,14.6,-9.0,6.94,0.96,1600,1.7,0.1,6.25,1.7,55,1.7,127,-9.0,-9,-9.0,-9,-9.0,-9,26.7,23.7,22.3,17.2,14.7
189,20220709,108,1.7,1426,25,3.4,2,25,4.8,12,26.9,30.9,1416,24.0,1,23.4,27.9,23.2,82.1,64.0,1644,28.8,4.4,3.1,-9.00,992.9,1002.5,1004.1,2348,1001.2,1609,7.0,1.8,14.6,-9.0,13.64,2.72,1300,0.1,-9.0,6.00,0.1,-9,0.1,-9,-9.0,-9,-9.0,-9,-9.0,-9,26.4,23.8,22.4,17.2,14.7
190,20220710,108,1.7,1432,29,3.9,1700,29,6.3,1659,29.2,35.1,1547,24.6,529,22.2,32.0,21.8,68.0,46.0,1527,27.0,7.0,4.9,-9.00,994.6,1004.1,1006.1,803,1002.1,1713,5.6,8.4,14.6,-9.0,23.08,2.99,1400,0.0,1.1,0.42,0.0,-9,0.0,-9,-9.0,-9,-9.0,-9,-9.0,-9,26.5,23.8,22.5,17.2,14.7
191,20220711,108,1.8,1560,27,5.3,14,27,9.0,15,27.0,30.6,1226,24.7,316,22.0,29.0,22.2,75.0,54.0,2,26.5,4.5,3.2,-9.00,995.9,1005.5,1008.2,2355,1004.2,419,6.3,2.8,14.6,-9.0,13.85,2.08,1200,9.0,7.9,2.50,7.7,1527,4.9,1603,-9.0,-9,-9.0,-9,-9.0,-9,26.9,23.9,22.5,17.2,14.8
192,20220712,108,2.2,1927,5,3.6,744,5,6.4,655,26.8,29.4,1402,23.2,508,21.5,27.2,20.4,73.1,64.0,1350,25.7,3.4,2.4,-9.00,997.5,1007.1,1009.2,1017,1005.5,2244,8.1,0.8,14.6,-9.0,11.82,1.65,1000,-9.0,2.2,-9.00,-9.0,-9,-9.0,-9,-9.0,-9,-9.0,-9,-9.0,-9,26.8,24.1,22.6,17.2,14.8
193,20220713,108,1.8,1514,14,3.9,1532,11,8.6,1620,25.0,27.1,1,24.0,1253,23.8,24.6,23.3,93.9,76.0,46,29.6,0.8,0.6,-9.00,992.3,1001.9,1006.4,132,998.1,1609,10.0,0.0,14.6,-9.0,1.25,0.22,1100,114.5,113.2,19.98,30.3,1424,8.1,1514,-9.0,-9,-9.0,-9,-9.0,-9,26.6,24.1,22.7,17.3,14.8
194,20220714,108,2.3,1985,27,4.1,1906,27,6.8,1902,25.7,29.9,1533,23.3,405,22.7,27.6,22.0,84.6,63.0,1539,27.6,5.0,3.5,-9.00,990.2,999.8,1001.3,2123,998.1,349,8.1,3.9,14.5,-9.0,17.21,2.66,1300,0.9,-9.0,5.92,0.5,427,0.2,-9,-9.0,-9,-9.0,-9,-9.0,-9,25.9,25.0,24.3,19.4,14.8
195,20220715,108,2.3,2023,25,5.0,1811,25,8.0,1746,26.0,30.3,1544,23.0,440,21.2,29.1,20.5,76.5,55.0,1703,25.2,6.7,4.7,-9.00,989.9,999.5,1001.4,635,997.7,1640,5.3,8.9,14.5,-9.0,24.49,3.14,1200,-9.0,0.0,-9.00,-9.0,-9,-9.0,-9,-9.0,-9,-9.0,-9,-9.0,-9,26.2,24.7,24.2,19.4,14.9
196,20220716,108,2.0,1731,16,5.3,1720,16,10.5,1719,24.8,28.2,1323,23.2,2354,21.7,26.1,21.0,83.4,66.0,1156,26.0,3.0,2.1,-9.00,988.5,998.1,1000.0,2154,997.1,539,8.3,1.5,14.5,-9.0,10.77,1.76,1100,34.0,34.0,4.08,33.8,1630,14.1,1705,-9.0,-9,-9.0,-9,-9.0,-9,26.6,24.6,24.0,18.9,15.0
197,20220717,108,1.8,1540,27,4.4,1646,29,8.4,1637,25.5,29.7,1518,22.5,406,21.3,28.0,19.6,78.9,63.0,1456,25.3,4.9,3.4,-9.00,990.6,1000.2,1001.7,2233,998.8,1733,7.3,3.6,14.5,-9.0,16.82,2.83,1400,0.0,0.0,1.50,0.0,-9,0.0,-9,-9.0,-9,-9.0,-9,-9.0,-9,26.3,24.7,24.1,18.8,15.1
198,20220718,108,2.2,1878,11,3.9,1230,14,7.3,1315,26.8,30.1,1258,23.1,530,22.0,28.2,20.4,76.0,58.0,1352,26.4,6.1,4.3,-9.00,989.4,999.0,1001.6,1,996.8,1743,5.4,5.2,14.5,-9.0,21.01,3.29,1100,-9.0,-9.0,-9.00,-9.0,-9,-9.0,-9,-9.0,-9,-9.0,-9,-9.0,-9,26.4,24.7,24.1,19.0,15.1
199,20220719,108,2.3,1967,27,4.8,1403,27,8.2,1318,27.4,31.1,1549,24.3,532,22.1,30.7,22.1,74.1,56.0,1213,26.6,6.8,4.8,-9.00,992.3,1001.9,1005.4,2322,999.1,121,6.3,8.4,14.4,-9.0,23.44,3.26,1100,-9.0,-9.0,-9.00,-9.0,-9,-9.0,-9,-9.0,-9,-9.0,-9,-9.0,-9,26.7,24.7,24.0,18.8,15.1
200,20220720,108,2.2,1881,29,4.5,1416,29,7.2,1339,27.1,30.4,1435,24.3,2400,22.3,30.4,22.3,76.1,57.0,1409,27.0,4.9,3.4,-9.00,996.1,1005.7,1007.0,724,1004.3,2337,9.0,3.1,14.4,-9.0,17.68,2.61,1400,1.1,11.3,3.83,0.8,2238,0.6,2322,-9.0,-9,-9.0,-9,-9.0,-9,27.0,24.7,23.9,18.7,15.2
201,20220721,108,2.9,2473,5,5.5,426,2,9.7,424,23.2,25.2,1840,20.8,622,20.9,25.0,20.2,87.6,77.0,2301,24.7,2.3,1.6,-9.00,992.3,1002.0,1004.6,24,999.9,906,8.9,0.5,14.4,-9.0,6.60,1.12,1400,10.4,0.2,10.83,3.4,522,1.7,522,-9.0,-9,-9.0,-9,-9.0,-9,27.0,24.8,23.9,18.6,15.2
202,20220722,108,1.9,1675,25,3.4,1632,29,5.5,1913,25.1,27.5,1718,22.9,507,21.6,26.1,21.2,81.5,68.0,1149,25.7,3.7,2.6,-9.00,995.7,1005.4,1006.7,2254,1004.6,1,7.5,2.5,14.4,-9.0,13.54,2.13,1100,5.2,5.2,1.75,5.2,1235,4.0,1300,-9.0,-9,-9.0,-9,-9.0,-9,26.4,24.8,23.9,18.5,15.2
203,20220723,108,2.0,1741,5,3.9,2216,14,6.6,1308,24.8,28.0,1344,22.3,2320,21.7,26.6,21.2,83.6,67.0,1425,26.0,2.7,1.9,-9.00,994.7,1004.4,1006.5,752,1001.8,2347,9.4,0.1,14.4,-9.0,9.09,1.68,1300,9.9,11.1,8.58,4.2,2154,1.8,1937,-9.0,-9,-9.0,-9,-9.0,-9,26.3,24.7,23.9,18.5,15.3
204,20220724,108,2.1,1805,32,3.7,1750,7,6.5,9,25.0,28.4,1627,22.0,118,22.5,25.6,21.7,86.9,72.0,1414,27.3,2.6,1.8,-9.00,992.6,1002.3,1005.5,2358,1000.3,427,9.5,0.4,14.3,-9.0,8.82,1.39,1300,1.2,0.0,3.67,1.6,-2343,0.6,1,-9.0,-9,-9.0,-9,-9.0,-9,26.2,24.7,23.9,18.5,15.3
205,20220725,108,1.9,1631,27,3.6,1643,27,6.5,1335,27.5,32.0,1616,23.6,546,22.3,29.7,21.1,75.0,52.0,1536,27.0,7.6,5.3,-9.00,998.7,1008.3,1009.8,2356,1005.5,1,3.8,9.6,14.3,-9.0,25.49,3.54,1300,-9.0,-9.0,-9.00,-9.0,-9,-9.0,-9,-9.0,-9,-9.0,-9,-9.0,-9,26.2,24.6,23.9,18.5,15.3
206,20220726,108,1.8,1582,32,3.8,1610,32,6.0,1604,28.9,33.1,1428,24.4,530,23.2,30.3,21.0,72.5,53.0,1331,28.5,6.2,4.4,-9.00,999.3,1008.9,1010.6,822,1007.5,1733,5.0,9.0,14.3,-9.0,22.31,3.19,1200,-9.0,-9.0,-9.00,-9.0,-9,-9.0,-9,-9.0,-9,-9.0,-9,-9.0,-9,26.7,24.6,23.8,18.5,15.4
207,20220727,108,2.0,1758,16,4.4,1610,16,7.7,1809,29.3,33.4,1509,26.4,547,22.1,31.0,23.5,66.3,50.0,1529,26.7,6.9,4.9,-9.00,999.6,1009.1,1010.1,1043,1007.8,1742,5.3,6.0,14.2,-9.0,19.72,2.41,1500,-9.0,-9.0,-9.00,-9.0,-9,-9.0,-9,-9.0,-9,-9.0,-9,-9.0,-9,27.1,24.7,23.9,18.6,15.4
208,20220728,108,2.4,2033,14,3.8,1014,11,7.6,1036,29.7,34.4,1509,25.1,545,21.9,33.3,22.8,63.8,48.0,1410,26.3,8.0,5.6,-9.00,1000.8,1010.3,1011.6,2343,1008.8,1745,3.5,9.9,14.2,-9.0,25.20,3.44,1200,-9.0,-9.0,-9.00,-9.0,-9,-9.0,-9,-9.0,-9,-9.0,-9,-9.0,-9,27.4,24.9,23.9,18.6,15.4
209,20220729,108,2.2,1863,32,4.4,1847,32,6.5,1844,30.7,34.3,1419,27.3,511,23.9,32.9,24.5,68.1,52.0,1446,29.8,6.7,4.7,-9.00,1001.8,1011.4,1012.8,950,1009.7,1811,5.0,7.6,14.2,-9.0,20.28,2.93,1100,-9.0,-9.0,-9.00,-9.0,-9,-9.0,-9,-9.0,-9,-9.0,-9,-9.0,-9,27.9,25.0,23.9,18.6,15.5
210,20220730,108,2.6,2284,16,5.6,1641,14,10.3,1656,30.9,36.1,1440,27.3,532,24.2,32.4,24.9,68.4,50.0,1213,30.2,7.5,5.3,-9.00,999.3,1008.8,1011.4,1,1006.7,1606,4.5,9.4,14.2,-9.0,23.53,3.30,1100,1.0,1.0,2.33,1.0,1445,1.0,1452,-9.0,-9,-9.0,-9,-9.0,-9,28.3,25.2,24.0,18.7,15.5
211,20220731,108,2.5,2197,5,3.9,1636,7,7.6,1007,27.2,29.0,1,25.4,2327,24.5,27.6,24.9,85.8,75.0,1,30.7,1.6,1.1,-9.00,996.4,1006.0,1008.1,7,1004.9,1609,9.8,0.0,14.1,-9.0,4.93,0.68,1000,47.2,77.1,15.75,18.0,2141,8.1,2146,-9.0,-9,-9.0,-9,-9.0,-9,28.6,25.4,24.1,18.7,15.6
212,20220801,108,2.4,2086,7,4.6,1729,11,9.3,2309,28.6,32.4,1420,25.4,4,25.0,28.9,24.8,82.4,67.0,1418,31.8,4.8,3.3,-9.00,995.6,1005.2,1006.8,1101,1003.9,1806,8.9,3.2,14.1,-9.0,15.09,3.03,1200,30.0,15.8,14.83,13.3,517,5.1,537,-9.0,-9,-9.0,-9,-9.0,-9,28.0,25.9,24.4,18.8,15.6
213,20220802,108,2.8,2414,20,4.9,1216,20,10.1,2131,26.8,28.5,1,25.5,2257,24.9,27.2,25.0,90.0,78.0,2,31.6,1.5,1.1,-9.00,998.4,1008.0,1009.6,2335,1005.3,118,9.9,0.0,14.1,-9.0,4.37,0.61,1100,33.5,67.6,18.58,7.6,212,3.3,1734,-9.0,-9,-9.0,-9,-9.0,-9,28.1,26.1,25.1,19.8,15.6
214,20220803,108,2.8,2388,23,4.6,459,23,10.8,453,27.1,30.0,1600,25.2,457,25.2,27.4,24.7,90.1,76.0,1606,32.1,3.0,2.1,-9.00,1000.1,1009.8,1011.1,1027,1008.7,1759,9.3,1.3,14.0,-9.0,8.74,1.71,1500,51.1,1.3,13.25,17.9,416,6.6,448,-9.0,-9,-9.0,-9,-9.0,-9,27.7,26.4,25.8,20.7,15.7
215,20220804,108,2.5,2120,27,4.0,154,25,7.5,1808,28.9,32.9,1532,26.0,549,24.8,31.6,24.7,79.3,64.0,1306,31.2,6.1,4.3,-9.00,999.5,1009.1,1011.4,811,1007.3,1829,4.4,8.7,14.0,-9.0,22.24,3.14,1100,0.0,0.0,0.42,0.0,-9,0.0,-9,-9.0,-9,-9.0,-9,-9.0,-9,27.7,26.4,26.1,22.0,15.9
216,20220805,108,2.6,2269,27,5.2,1328,27,9.2,1326,29.4,32.7,1430,27.0,111,24.7,32.6,25.4,76.6,61.0,1440,31.1,6.1,4.3,-9.00,996.2,1005.7,1007.8,3,1003.3,1545,5.9,6.3,14.0,-9.0,19.58,3.03,1300,0.0,0.0,0.50,0.0,-9,0.0,-9,-9.0,-9,-9.0,-9,-9.0,-9,28.3,26.3,25.8,21.2,16.2
217,20220806,108,1.7,1443,27,3.3,1118,27,5.2,1117,28.7,30.3,1718,27.4,454,25.9,29.7,25.5,85.3,77.0,1036,33.5,2.2,1.5,-9.00,996.1,1005.7,1006.6,2356,1004.1,1725,7.5,0.4,13.9,-9.0,7.48,1.23,1000,13.6,14.5,1.67,11.4,1050,9.5,1110,-9.0,-9,-9.0,-9,-9.0,-9,28.6,26.3,25.6,20.7,16.3
218,20220807,108,2.4,2096,18,5.6,1803,18,9.8,1551,28.9,31.7,1421,27.2,354,25.4,28.6,25.3,82.1,70.0,1543,32.4,3.3,2.3,-9.00,996.2,1005.7,1006.9,533,1004.4,1755,8.4,0.6,13.9,-9.0,9.26,2.05,1200,0.9,2.8,3.33,0.9,835,0.9,846,-9.0,-9,-9.0,-9,-9.0,-9,28.5,26.4,25.6,20.4,16.3
219,20220808,108,3.3,2815,20,8.6,1802,18,24.9,1754,26.8,28.4,1,-99.0,-9,25.2,26.4,-9.0,91.6,83.0,500,32.1,0.8,0.6,-9.00,995.9,1005.5,1006.6,2159,1003.8,1730,10.0,-9.0,13.9,-9.0,-9.00,-9.00,-9,129.6,133.4,20.92,38.1,1734,14.9,1747,-9.0,-9,-9.0,-9,-9.0,-9,28.4,26.4,25.5,20.2,16.3
220,20220809,108,2.6,2209,18,5.7,1725,18,12.3,1735,25.1,26.5,1538,22.0,2354,24.4,26.0,21.4,96.0,94.0,915,30.6,1.0,0.7,-9.00,995.7,1005.4,1007.0,1001,1003.2,1734,10.0,0.0,13.8,-9.0,2.42,0.37,900,123.1,122.3,21.50,27.1,1943,17.7,1746,-9.0,-9,-9.0,-9,-9.0,-9,27.4,27.1,27.0,23.8,16.3
221,20220810,108,1.6,1405,18,4.5,1609,18,6.3,1601,24.7,28.8,1503,21.4,455,21.8,27.3,21.0,85.3,66.0,1445,26.2,4.0,2.8,-9.00,996.0,1005.7,1007.0,1010,1005.0,1454,9.1,3.1,13.8,-9.0,16.23,2.71,1100,7.6,40.6,6.50,10.0,-2340,2.2,-2356,-9.0,-9,-9.0,-9,-9.0,-9,26.5,26.9,27.5,25.2,17.2
222,20220811,108,1.6,1351,20,3.1,1417,18,4.9,1353,25.0,27.5,1502,23.4,528,22.8,27.6,22.8,87.9,75.0,1559,27.7,2.8,2.0,-9.00,994.2,1003.8,1005.7,1,1003.0,1457,9.0,0.8,13.8,-9.0,8.81,2.69,1400,38.8,0.0,10.67,25.6,351,6.9,412,-9.0,-9,-9.0,-9,-9.0,-9,26.8,26.5,27.1,23.8,17.8
223,20220812,108,1.7,1478,25,3.7,1927,25,6.1,1902,27.0,32.4,1557,23.0,614,21.5,28.7,20.6,73.8,44.0,1604,25.7,7.0,4.9,-9.00,996.2,1005.8,1007.2,1127,1004.1,1753,4.5,10.6,13.7,-9.0,24.86,3.40,1200,-9.0,-9.0,-9.00,-9.0,-9,-9.0,-9,-9.0,-9,-9.0,-9,-9.0,-9,26.8,26.4,26.9,23.7,17.9
224,20220813,108,1.3,1121,18,2.7,706,11,5.6,1705,25.8,27.5,1743,24.7,1305,22.5,25.8,21.8,82.8,71.0,1053,27.4,1.6,1.1,-9.00,995.6,1005.3,1006.9,1102,1003.3,1729,8.9,0.8,13.7,-9.0,5.06,1.28,1600,4.0,4.0,4.67,2.0,1218,0.7,1220,-9.0,-9,-9.0,-9,-9.0,-9,27.4,26.3,26.6,22.9,17.8
225,20220814,108,1.9,1684,18,4.0,1938,20,6.3,2102,27.6,31.5,1414,24.5,553,24.3,28.1,22.6,83.0,66.0,1418,30.4,4.2,3.0,-9.00,995.5,1005.1,1006.3,933,1004.0,1735,7.8,2.2,13.7,-9.0,13.95,2.51,1000,3.0,3.0,1.50,3.0,1725,2.9,1728,-9.0,-9,-9.0,-9,-9.0,-9,27.2,26.3,26.4,22.4,17.6
226,20220815,108,4.8,4189,20,7.4,1252,18,16.1,1217,28.1,29.8,1233,26.6,2357,24.9,27.3,25.2,83.0,74.0,1223,31.5,3.2,2.2,-9.00,990.6,1000.1,1004.6,9,996.7,1821,9.5,0.0,13.6,-9.0,6.28,1.16,1200,0.9,0.9,4.42,0.7,1801,0.6,1847,-9.0,-9,-9.0,-9,-9.0,-9,27.6,26.3,26.3,22.0,17.5
227,20220816,108,2.6,2242,25,4.3,111,32,8.4,1451,26.7,30.0,1531,24.1,652,21.8,29.0,21.2,75.4,58.0,1657,26.1,6.6,4.6,-9.00,993.5,1003.1,1005.6,2330,999.4,143,4.8,9.2,13.6,-9.0,23.34,3.14,1200,0.0,-9.0,0.75,0.0,-9,0.0,-9,-9.0,-9,-9.0,-9,-9.0,-9,27.5,26.3,26.2,21.9,17.4
228,20220817,108,2.0,1749,29,4.4,1617,25,7.0,1640,26.0,30.5,1338,22.8,618,21.4,26.6,19.8,76.6,62.0,1312,25.4,4.9,3.5,-9.00,996.0,1005.7,1007.1,2353,1003.7,1611,4.0,6.0,13.6,-9.0,17.10,2.82,1200,0.0,0.0,0.75,0.0,-9,0.0,-9,-9.0,-9,-9.0,-9,-9.0,-9,27.7,26.3,26.1,21.7,17.4
229,20220818,108,1.9,1653,27,4.1,1538,25,7.1,1553,25.6,29.8,1408,22.4,556,20.8,26.6,19.6,75.8,57.0,1417,24.6,3.8,2.7,-9.00,997.4,1007.0,1008.1,728,1006.4,1356,6.4,2.6,13.5,-9.0,12.57,2.54,1300,-9.0,-9.0,-9.00,-9.0,-9,-9.0,-9,-9.0,-9,-9.0,-9,-9.0,-9,27.6,26.3,26.0,21.6,17.4
230,20220819,108,2.3,2010,20,5.4,1759,18,9.6,1752,26.0,27.5,1527,23.3,355,23.4,25.9,19.8,86.1,70.0,1010,28.9,2.1,1.5,-9.00,992.5,1002.1,1006.6,1,998.8,1643,9.6,0.0,13.5,-9.0,5.56,1.38,900,66.1,66.1,10.33,47.1,1543,14.2,1632,-9.0,-9,-9.0,-9,-9.0,-9,27.3,26.3,26.0,21.6,17.4
231,20220820,108,2.4,2048,27,4.4,122,27,8.1,117,28.2,32.0,1437,25.7,628,24.2,30.3,23.3,80.0,63.0,1402,30.2,6.5,4.6,-9.00,991.9,1001.4,1003.4,2215,999.4,220,4.8,9.6,13.5,-9.0,23.65,3.50,1300,0.0,-9.0,1.83,0.2,-9,0.0,-9,-9.0,-9,-9.0,-9,-9.0,-9,27.0,26.4,26.3,22.1,17.4
232,20220821,108,1.7,1475,25,3.4,1616,25,5.7,1630,28.1,32.0,1549,24.7,634,23.1,28.0,21.9,75.3,59.0,1431,28.3,4.8,3.3,-9.00,994.9,1004.5,1006.1,915,1003.1,152,5.9,5.5,13.4,-9.0,16.37,2.59,1100,-9.0,-9.0,-9.00,-9.0,-9,-9.0,-9,-9.0,-9,-9.0,-9,-9.0,-9,27.6,26.3,26.3,22.3,17.4
233,20220822,108,2.3,1960,20,4.2,1450,27,7.3,1521,26.8,30.2,1356,22.9,2302,22.0,27.0,20.3,75.6,59.0,1613,26.4,3.8,2.7,-9.00,994.3,1003.9,1005.3,2235,1002.6,1438,8.4,1.5,13.4,-9.0,11.71,1.96,1300,3.2,5.4,2.00,2.7,2139,1.0,2146,-9.0,-9,-9.0,-9,-9.0,-9,27.8,26.3,26.2,22.1,17.4
234,20220823,108,2.0,1717,32,4.3,1819,34,6.4,1810,25.4,30.2,1533,22.4,513,20.2,27.6,18.9,75.0,51.0,1829,23.9,6.7,4.7,-9.00,995.9,1005.6,1007.4,2216,1004.1,320,5.4,7.1,13.4,-9.0,20.42,3.20,1200,2.2,-9.0,6.17,1.0,418,0.3,419,-9.0,-9,-9.0,-9,-9.0,-9,27.7,26.4,26.1,21.9,17.5
235,20220824,108,2.5,2126,5,4.4,940,7,8.3,1109,24.8,27.9,1145,22.4,500,18.1,24.4,18.9,66.9,59.0,1134,20.8,3.9,2.7,-9.00,997.9,1007.6,1009.3,1019,1006.4,1701,6.8,2.0,13.3,-9.0,12.34,2.55,1100,-9.0,0.0,-9.00,-9.0,-9,-9.0,-9,-9.0,-9,-9.0,-9,-9.0,-9,27.6,26.4,26.1,21.8,17.5
236,20220825,108,1.8,1563,25,3.4,1427,27,5.6,1655,22.2,24.0,1054,21.1,2322,18.1,22.1,18.3,78.0,63.0,1437,20.8,2.1,1.4,-9.00,997.7,1007.5,1008.6,2303,1006.6,239,8.3,0.0,13.3,-9.0,4.50,0.77,1000,1.6,1.6,7.08,0.8,1102,0.3,1125,-9.0,-9,-9.0,-9,-9.0,-9,27.1,26.3,26.1,21.7,17.5
237,20220826,108,2.4,2059,27,5.1,1633,27,8.7,1837,23.8,28.4,1512,19.9,626,18.9,25.8,16.5,75.3,55.0,1510,21.9,5.7,4.0,-9.00,997.1,1006.8,1008.5,1,1004.7,1637,4.5,7.8,13.2,-9.0,19.91,2.87,1200,-9.0,17.6,-9.00,-9.0,-9,-9.0,-9,-9.0,-9,-9.0,-9,-9.0,-9,26.4,26.2,26.0,21.7,17.5
238,20220827,108,2.8,2381,29,5.4,200,29,9.7,154,21.5,25.5,1541,17.6,638,13.6,24.4,14.3,63.1,43.0,1252,15.8,7.8,5.4,-9.00,1000.3,1010.1,1013.1,2327,1006.5,144,1.3,12.4,13.2,-9.0,27.09,3.47,1200,17.6,-9.0,0.58,17.6,140,14.8,151,-9.0,-9,-9.0,-9,-9.0,-9,26.3,26.0,26.0,21.6,17.6
239,20220828,108,1.7,1475,5,3.2,1332,5,5.7,1325,22.6,28.4,1644,16.1,538,13.8,24.3,11.2,59.4,39.0,1356,15.8,6.7,4.7,-9.00,1004.5,1014.3,1016.1,723,1012.8,1637,5.1,12.1,13.2,-9.0,24.53,3.18,1100,-9.0,1.1,-9.00,-9.0,-9,-9.0,-9,-9.0,-9,-9.0,-9,-9.0,-9,25.9,25.9,25.9,21.6,17.6
240,20220829,108,2.3,1976,5,3.9,1135,16,6.7,1756,21.0,22.5,1,19.5,940,16.0,22.1,17.4,74.0,63.0,321,18.3,2.1,1.5,-9.00,1005.5,1015.4,1016.6,1002,1014.1,1,9.9,0.0,13.1,-9.0,5.97,1.04,1400,2.2,18.2,11.58,0.6,631,0.4,721,-9.0,-9,-9.0,-9,-9.0,-9,25.9,25.7,25.8,21.6,17.6
241,20220830,108,2.6,2215,5,4.1,940,5,6.8,931,19.1,20.3,1,17.9,527,18.5,20.3,17.2,96.3,71.0,23,21.3,0.9,0.7,-9.00,1001.2,1011.2,1015.1,2,1008.1,2333,10.0,0.0,13.1,-9.0,3.06,0.48,1400,35.8,18.7,21.42,4.2,250,0.9,250,-9.0,-9,-9.0,-9,-9.0,-9,25.2,25.5,25.7,21.6,17.7
242,20220831,108,1.8,1543,34,4.5,1149,20,7.3,1057,21.7,24.9,1703,19.6,32,18.6,22.2,16.6,83.3,69.0,1758,21.4,3.1,2.2,-9.00,998.8,1008.6,1011.0,2348,1006.9,512,7.5,2.5,13.0,-9.0,10.32,1.74,1600,0.0,0.0,4.17,0.0,-9,0.0,-9,-9.0,-9,-9.0,-9,-9.0,-9,24.3,25.3,25.7,21.6,17.7
243,20220901,108,1.7,1473,32,4.3,1718,36,7.0,1706,24.0,30.4,1553,18.3,614,17.8,26.7,14.3,70.8,42.0,1733,20.4,7.4,5.2,-9.00,1003.3,1013.1,1015.0,2355,1011.0,1,1.0,12.1,13.0,-9.0,25.02,3.32,1200,-9.0,-9.0,-9.00,-9.0,-9,-9.0,-9,-9.0,-9,-9.0,-9,-9.0,-9,24.4,25.0,25.6,21.8,17.7
244,20220902,108,3.1,2715,5,5.3,2046,5,9.2,1959,24.7,29.8,1540,20.3,648,16.5,26.9,16.5,61.8,47.0,1648,18.8,8.2,5.8,-9.00,1005.8,1015.6,1016.9,921,1013.7,1621,2.4,11.6,13.0,-9.0,24.51,3.23,1100,-9.0,-9.0,-9.00,-9.0,-9,-9.0,-9,-9.0,-9,-9.0,-9,-9.0,-9,24.9,24.8,25.4,21.8,17.8
245,20220903,108,3.4,2932,5,5.3,1010,5,9.0,914,24.2,29.2,1456,20.5,630,16.6,26.6,17.6,63.0,54.0,1351,19.0,5.8,4.1,-9.00,1004.2,1014.0,1016.3,1,1012.3,1442,6.6,4.5,12.9,-9.0,16.39,2.99,1300,-9.0,2.5,-9.00,-9.0,-9,-9.0,-9,-9.0,-9,-9.0,-9,-9.0,-9,25.2,24.8,25.3,21.8,17.8
246,20220904,108,3.1,2649,5,4.9,711,5,8.4,850,22.3,24.0,1905,19.8,632,20.2,22.4,18.2,88.6,65.0,103,23.8,1.0,0.7,-9.00,999.1,1008.9,1013.4,12,1005.9,1604,9.6,0.0,12.9,-9.0,3.54,0.50,1500,33.8,39.3,13.67,9.7,2135,3.8,1824,-9.0,-9,-9.0,-9,-9.0,-9,25.2,24.8,25.2,21.7,17.8
247,20220905,108,3.2,2729,5,6.9,2229,2,18.3,2226,19.2,22.7,1,17.7,2103,18.4,19.8,16.9,95.9,92.0,337,21.3,0.8,0.5,-9.00,997.1,1007.0,1008.7,19,1004.1,2400,10.0,0.0,12.9,-9.0,1.61,0.22,1200,120.0,137.1,24.00,12.8,1025,2.9,1544,-9.0,-9,-9.0,-9,-9.0,-9,24.7,24.7,25.1,21.7,17.9
248,20220906,108,3.6,3106,5,7.1,358,2,13.8,351,21.0,26.3,1601,17.0,254,16.6,21.2,14.8,78.0,41.0,1624,18.8,5.9,4.1,-9.00,995.3,1005.1,1013.0,2332,998.3,611,3.9,8.4,12.8,-9.0,20.76,2.90,1100,25.3,-9.0,8.92,8.9,151,1.8,238,-9.0,-9,-9.0,-9,-9.0,-9,22.0,24.2,25.3,24.1,18.0
249,20220907,108,1.9,1683,25,4.0,1543,29,6.6,1548,22.8,28.1,1511,17.9,701,14.9,25.3,11.2,65.3,32.0,1334,17.2,7.4,5.2,-9.00,1006.8,1016.7,1018.8,2143,1013.0,1,0.1,11.9,12.8,-9.0,24.40,3.28,1200,-9.0,-9.0,-9.00,-9.0,-9,-9.0,-9,-9.0,-9,-9.0,-9,-9.0,-9,22.6,23.7,25.0,23.7,18.6
250,20220908,108,1.6,1414,32,3.7,1814,34,5.6,1813,23.2,29.5,1555,16.7,635,15.9,25.9,11.2,65.5,39.0,1530,18.1,6.7,4.7,-9.00,1007.7,1017.6,1019.5,747,1015.4,1543,2.1,11.8,12.7,-9.0,23.96,3.25,1200,-9.0,-9.0,-9.00,-9.0,-9,-9.0,-9,-9.0,-9,-9.0,-9,-9.0,-9,23.1,23.6,24.8,23.1,18.8
251,20220909,108,2.0,1686,5,3.8,1729,5,6.4,1730,24.3,30.8,1526,18.9,620,15.0,27.0,13.6,59.1,30.0,1633,17.1,8.0,5.6,-9.00,1007.2,1017.0,1018.2,917,1015.2,1646,4.1,11.1,12.7,-9.0,23.91,3.24,1200,-9.0,-9.0,-9.00,-9.0,-9,-9.0,-9,-9.0,-9,-9.0,-9,-9.0,-9,23.6,23.6,24.7,22.8,18.7
252,20220910,108,2.6,2251,5,4.2,2216,5,8.0,1353,23.6,28.4,1636,19.0,646,13.0,24.1,12.9,52.3,37.0,1319,15.1,6.5,4.6,-9.00,1007.2,1017.0,1018.6,633,1015.4,1647,7.9,6.5,12.6,-9.0,18.76,2.85,1200,-9.0,-9.0,-9.00,-9.0,-9,-9.0,-9,-9.0,-9,-9.0,-9,-9.0,-9,24.0,23.6,24.5,22.5,18.6
253,20220911,108,2.1,1812,5,3.6,923,7,6.9,1036,23.3,26.4,1331,20.6,638,17.0,24.8,16.6,68.6,52.0,1501,19.4,3.2,2.3,-9.00,1004.8,1014.6,1016.6,1,1012.9,1856,8.9,1.8,12.6,-9.0,10.27,1.69,900,0.1,0.1,1.83,0.1,-9,0.1,-9,-9.0,-9,-9.0,-9,-9.0,-9,24.1,23.7,24.4,22.4,18.6
254,20220912,108,1.6,1347,32,3.2,1750,32,5.1,1745,23.8,27.5,1541,20.3,558,19.2,25.2,16.9,76.1,60.0,1424,22.2,3.6,2.5,-9.00,1004.0,1013.8,1014.9,2317,1012.8,1522,8.1,3.5,12.6,-9.0,13.15,2.12,1000,-9.0,-9.0,-9.00,-9.0,-9,-9.0,-9,-9.0,-9,-9.0,-9,-9.0,-9,24.0,23.7,24.4,22.3,18.6
255,20220913,108,2.5,2153,5,4.3,2017,5,7.8,2014,24.3,26.4,1341,21.8,626,19.0,24.0,18.7,73.0,64.0,1333,22.0,3.8,2.7,-9.00,1005.7,1015.6,1016.9,2056,1013.9,226,9.6,0.1,12.5,-9.0,7.38,1.26,1000,0.0,0.0,4.83,0.0,-9,0.0,-9,-9.0,-9,-9.0,-9,-9.0,-9,24.2,23.7,24.3,22.2,18.6
256,20220914,108,4.6,3947,5,8.0,1906,7,14.3,1925,24.6,27.9,1410,22.7,2334,15.3,24.4,19.7,56.9,45.0,1635,17.5,6.0,4.2,-9.00,1005.7,1015.5,1016.9,959,1013.8,1558,8.8,1.1,12.5,-9.0,10.09,1.67,1300,0.0,-9.0,1.17,0.0,-9,0.0,-9,-9.0,-9,-9.0,-9,-9.0,-9,24.2,23.8,24.3,22.1,18.6
257,20220915,108,3.6,3082,5,5.2,152,5,9.6,158,25.2,28.3,1539,22.0,504,18.5,25.3,19.0,66.9,56.0,1048,21.3,4.6,3.2,-9.00,1001.0,1010.7,1014.6,1,1008.2,1933,8.4,3.4,12.5,-9.0,12.29,2.43,1000,0.1,0.1,0.42,0.1,-9,0.1,-9,-9.0,-9,-9.0,-9,-9.0,-9,24.0,23.8,24.3,22.0,18.6
258,20220916,108,2.9,2474,11,4.8,1151,14,8.6,1149,25.7,29.9,1326,23.4,605,21.5,25.9,21.0,78.6,63.0,1138,25.8,3.2,2.3,-9.00,997.5,1007.2,1008.5,1,1005.3,1505,9.0,1.8,12.4,-9.0,10.40,2.55,1100,14.6,18.9,5.50,8.6,2321,7.2,1645,-9.0,-9,-9.0,-9,-9.0,-9,24.2,23.8,24.3,22.0,18.6
259,20220917,108,1.4,1248,25,3.3,12,23,6.1,9,25.6,29.4,1619,23.3,537,22.3,26.3,20.7,83.1,65.0,1716,26.9,3.3,2.3,-9.00,998.1,1007.8,1009.4,929,1006.1,1645,7.8,3.8,12.4,-9.0,11.31,2.11,1300,4.3,-9.0,1.92,4.3,1,2.0,8,-9.0,-9,-9.0,-9,-9.0,-9,24.6,23.8,24.2,21.9,18.6
260,20220918,108,2.0,1761,5,4.6,2149,2,8.2,2201,27.1,32.5,1551,23.0,616,22.0,27.8,20.5,75.3,55.0,1532,26.5,5.2,3.6,-9.00,993.8,1003.4,1007.4,10,1000.3,2351,6.5,5.7,12.3,-9.0,15.90,2.48,1300,-9.0,-9.0,-9.00,-9.0,-9,-9.0,-9,-9.0,-9,-9.0,-9,-9.0,-9,24.9,23.9,24.2,21.9,18.6
261,20220919,108,3.3,2885,2,6.6,754,16,12.4,748,24.6,29.6,1306,19.5,2359,16.9,26.2,14.1,63.1,48.0,1348,19.6,7.0,4.9,-9.00,992.3,1001.9,1008.5,2400,998.4,434,5.4,6.9,12.3,-9.0,18.62,3.12,1200,-9.0,-9.0,-9.00,-9.0,-9,-9.0,-9,-9.0,-9,-9.0,-9,-9.0,-9,25.3,24.0,24.2,21.9,18.6
262,20220920,108,2.3,1981,11,4.6,1030,11,7.9,1029,19.9,24.6,1506,16.1,631,10.7,23.8,9.3,57.0,36.0,1632,12.9,5.5,3.8,-9.00,1003.3,1013.3,1015.9,2345,1008.4,6,2.1,9.7,12.3,-9.0,18.93,2.57,1000,-9.0,-9.0,-9.00,-9.0,-9,-9.0,-9,-9.0,-9,-9.0,-9,-9.0,-9,25.1,24.1,24.3,21.8,18.6
263,20220921,108,1.8,1562,18,3.6,1209,11,7.0,1218,19.4,25.6,1449,13.0,626,10.1,23.1,6.5,56.9,36.0,1459,12.4,6.4,4.5,-9.00,1006.7,1016.7,1018.3,1008,1015.2,1643,0.5,11.0,12.2,-9.0,22.18,3.16,1300,-9.0,-9.0,-9.00,-9.0,-9,-9.0,-9,-9.0,-9,-9.0,-9,-9.0,-9,24.2,24.1,24.3,21.8,18.6
264,20220922,108,2.0,1765,5,3.5,638,11,6.6,931,19.8,24.7,1454,14.2,635,11.6,23.1,9.4,60.1,45.0,1459,13.6,4.9,3.4,-9.00,1004.9,1014.8,1017.4,801,1012.2,1553,4.0,7.4,12.2,-9.0,17.90,2.89,1100,-9.0,-9.0,-9.00,-9.0,-9,-9.0,-9,-9.0,-9,-9.0,-9,-9.0,-9,23.7,24.0,24.3,21.8,18.7
265,20220923,108,3.1,2675,18,6.7,1059,29,13.1,1306,17.5,22.2,1026,14.7,2354,11.4,19.9,9.9,68.9,42.0,1500,13.7,4.8,3.3,-9.00,1002.7,1012.8,1016.1,2354,1009.8,1107,3.0,7.9,12.1,-9.0,16.53,3.07,1300,3.3,3.3,0.67,3.3,1115,3.3,1130,-9.0,-9,-9.0,-9,-9.0,-9,23.5,23.8,24.3,21.7,18.7
266,20220924,108,1.8,1571,27,3.9,1152,29,7.6,1159,18.5,24.2,1503,12.3,645,11.1,21.5,5.6,64.6,37.0,1512,13.3,5.6,4.0,-9.00,1006.6,1016.6,1017.9,1106,1015.0,1623,3.4,10.7,12.1,-9.0,21.67,3.09,1200,-9.0,-9.0,-9.00,-9.0,-9,-9.0,-9,-9.0,-9,-9.0,-9,-9.0,-9,22.8,23.7,24.2,21.7,18.7
267,20220925,108,1.6,1425,29,3.7,1517,29,5.7,1604,19.6,25.2,1450,15.4,553,11.9,22.3,9.9,63.3,36.0,1319,14.0,5.1,3.6,-9.00,1006.1,1016.0,1017.7,935,1014.5,1645,6.4,7.8,12.1,-9.0,17.94,3.02,1200,-9.0,-9.0,-9.00,-9.0,-9,-9.0,-9,-9.0,-9,-9.0,-9,-9.0,-9,22.6,23.4,24.2,21.7,18.7
268,20220926,108,1.7,1472,25,3.5,1130,25,5.3,1129,20.0,25.4,1456,14.8,642,10.8,22.5,9.5,58.5,32.0,1435,13.0,5.6,3.9,-9.00,1006.6,1016.6,1018.0,815,1015.1,1544,6.5,8.7,12.0,-9.0,18.48,2.70,1200,-9.0,-9.0,-9.00,-9.0,-9,-9.0,-9,-9.0,-9,-9.0,-9,-9.0,-9,22.6,23.3,24.1,21.7,18.7
269,20220927,108,1.6,1392,34,3.1,1635,2,5.4,1400,20.9,28.0,1535,14.0,642,11.7,23.5,6.9,59.0,29.0,1634,13.7,6.1,4.3,-9.00,1005.4,1015.3,1017.1,727,1013.0,1623,0.5,11.2,12.0,-9.0,21.17,3.04,1200,-9.0,-9.0,-9.00,-9.0,-9,-9.0,-9,-9.0,-9,-9.0,-9,-9.0,-9,22.5,23.1,24.0,21.7,18.7
270,20220928,108,1.8,1578,27,3.0,1742,27,4.7,1734,20.4,26.1,1617,16.1,630,14.7,21.6,10.1,71.0,47.0,1642,16.8,3.3,2.3,-9.00,1003.5,1013.5,1014.7,1,1011.6,1611,4.6,5.0,11.9,-9.0,12.51,2.17,1400,-9.0,-9.0,-9.00,-9.0,-9,-9.0,-9,-9.0,-9,-9.0,-9,-9.0,-9,22.4,23.0,23.9,21.6,18.7
271,20220929,108,1.4,1227,25,3.4,1745,23,5.8,1744,20.4,26.5,1612,16.4,612,14.9,21.9,10.0,73.5,33.0,1605,17.0,4.9,3.5,-9.00,1004.5,1014.4,1015.8,2312,1012.7,1540,2.5,7.9,11.9,-9.0,17.37,2.76,1200,-9.0,-9.0,-9.00,-9.0,-9,-9.0,-9,-9.0,-9,-9.0,-9,-9.0,-9,22.4,22.9,23.8,21.6,18.7
272,20220930,108,1.6,1412,27,3.2,1813,25,5.2,1509,20.7,27.7,1522,14.8,705,13.9,22.4,7.1,68.0,34.0,1618,16.0,5.4,3.8,-9.00,1005.9,1015.8,1017.2,741,1013.9,1620,0.3,10.6,11.9,-9.0,19.27,2.72,1200,-9.0,-9.0,-9.00,-9.0,-9,-9.0,-9,-9.0,-9,-9.0,-9,-9.0,-9,22.4,22.8,23.7,21.6,18.8
273,20221001,108,1.6,1401,27,2.7,1651,20,4.2,1232,20.9,27.6,1357,14.4,641,13.0,21.8,6.9,63.3,33.0,1448,15.0,4.7,3.3,-9.00,1007.4,1017.4,1019.2,950,1016.0,1540,5.4,7.9,11.8,-9.0,17.31,2.84,1200,-9.0,0.1,-9.00,-9.0,-9,-9.0,-9,-9.0,-9,-9.0,-9,-9.0,-9,22.4,22.7,23.6,21.6,18.8
274,20221002,108,2.7,2300,5,5.5,1430,5,8.6,1428,19.4,21.6,1321,17.2,2232,15.4,19.5,11.6,78.9,60.0,1631,17.5,1.6,1.1,-9.00,1005.8,1015.8,1018.5,616,1013.2,2230,9.9,0.0,11.8,-9.0,3.80,0.59,1200,15.8,37.5,15.08,6.1,1725,1.7,2214,-9.0,-9,-9.0,-9,-9.0,-9,22.4,22.7,23.6,21.6,18.8
275,20221003,108,2.7,2325,20,6.5,2135,20,13.7,2025,21.4,23.4,2004,17.5,1,21.0,20.6,17.2,98.5,94.0,2203,25.1,0.6,0.4,-9.00,1001.2,1011.1,1013.7,936,1007.2,2201,10.0,0.0,11.7,-9.0,1.06,0.23,1000,76.0,66.0,22.58,14.7,2219,7.4,1143,-9.0,-9,-9.0,-9,-9.0,-9,22.0,22.6,23.5,21.5,18.8
276,20221004,108,2.9,2473,27,5.7,59,23,10.2,50,17.9,23.0,1,14.2,2329,14.9,19.7,13.8,83.8,67.0,2014,17.4,2.1,1.5,-9.00,1002.6,1012.6,1017.8,2346,1006.8,136,9.8,0.4,11.7,-9.0,6.50,1.58,1100,11.8,0.1,7.08,7.0,30,2.1,111,-9.0,-9,-9.0,-9,-9.0,-9,21.9,22.3,23.4,21.5,18.8
277,20221005,108,2.1,1856,2,3.8,1508,27,6.7,1816,16.6,21.6,1519,14.1,34,11.8,19.1,13.1,74.8,48.0,1544,13.8,4.1,2.9,-9.00,1009.2,1019.3,1021.0,936,1017.0,1533,7.5,4.9,11.7,-9.0,15.62,2.67,1200,0.1,-9.0,3.58,0.1,-9,0.1,-9,-9.0,-9,-9.0,-9,-9.0,-9,21.7,22.2,23.3,21.9,18.8
278,20221006,108,2.1,1842,5,3.4,1105,14,6.2,1255,15.8,19.1,1419,12.7,640,11.6,17.4,10.0,76.6,63.0,1401,13.6,2.3,1.6,-9.00,1008.9,1019.1,1021.3,930,1016.6,1707,8.9,1.6,11.6,-9.0,7.74,1.52,1100,0.0,0.0,2.25,0.0,-9,0.0,-9,-9.0,-9,-9.0,-9,-9.0,-9,21.6,22.2,23.2,21.8,18.8
279,20221007,108,2.5,2121,2,4.7,1525,36,9.2,1520,14.3,18.6,1522,11.0,651,8.6,16.8,6.3,69.5,48.0,2002,11.2,3.8,2.7,-9.00,1009.9,1020.2,1023.7,2320,1017.9,135,3.4,7.6,11.6,-9.0,15.08,2.07,1400,-9.0,-9.0,-9.00,-9.0,-9,-9.0,-9,-9.0,-9,-9.0,-9,-9.0,-9,21.1,22.1,23.1,21.7,18.9
280,20221008,108,2.5,2148,5,4.2,854,2,6.5,849,15.8,21.6,1508,11.1,654,8.7,17.4,6.9,64.6,42.0,1510,11.3,4.5,3.2,-9.00,1013.4,1023.6,1025.7,933,1021.0,1735,2.9,9.5,11.6,-9.0,18.48,2.75,1100,-9.0,0.3,-9.00,-9.0,-9,-9.0,-9,-9.0,-9,-9.0,-9,-9.0,-9,20.5,21.9,23.1,21.6,18.9
281,20221009,108,2.1,1810,25,6.1,1927,27,11.5,1913,13.1,14.5,117,10.7,2221,10.6,13.9,7.8,85.8,69.0,249,12.9,1.1,0.8,-9.00,1007.3,1017.5,1023.5,29,1012.9,1837,8.8,0.0,11.5,-9.0,2.40,0.44,1100,20.4,20.1,13.67,4.2,1840,3.0,1843,-9.0,-9,-9.0,-9,-9.0,-9,20.3,21.7,23.0,21.5,18.9
282,20221010,108,3.8,3303,27,6.8,1519,27,12.8,1438,9.9,11.9,1408,8.2,2034,5.1,11.9,5.8,72.9,59.0,1122,8.8,2.3,1.6,-9.00,1003.4,1013.8,1016.7,2359,1011.4,1459,7.4,2.3,11.5,-9.0,9.31,1.72,1000,0.0,0.0,4.58,0.0,-9,0.0,-9,-9.0,-9,-9.0,-9,-9.0,-9,19.4,21.5,22.9,21.5,18.9
283,20221011,108,2.2,1928,27,4.7,17,25,9.3,15,11.1,16.4,1531,7.4,250,5.4,14.0,2.4,69.1,51.0,1619,9.0,3.9,2.7,-9.00,1011.3,1021.7,1024.7,2248,1016.7,2,2.1,10.3,11.4,-9.0,18.72,2.75,1200,-9.0,-9.0,-9.00,-9.0,-9,-9.0,-9,-9.0,-9,-9.0,-9,-9.0,-9,18.6,21.1,22.7,21.4,18.9
284,20221012,108,1.8,1548,5,3.3,1159,11,6.6,1421,13.5,20.6,1513,6.5,645,7.2,14.8,0.3,68.1,42.0,1622,10.2,4.3,3.0,-9.00,1016.1,1026.4,1027.8,937,1024.7,1,0.0,10.6,11.4,-9.0,18.13,2.67,1100,-9.0,-9.0,-9.00,-9.0,-9,-9.0,-9,-9.0,-9,-9.0,-9,-9.0,-9,18.3,20.7,22.5,21.4,18.9
285,20221013,108,1.5,1314,7,3.0,754,7,5.3,1204,16.3,22.7,1435,10.7,639,10.2,16.8,4.2,69.6,43.0,1459,12.4,4.3,3.0,-9.00,1014.4,1024.6,1027.5,2,1021.9,1759,2.5,10.4,11.3,-9.0,17.98,2.70,1200,-9.0,-9.0,-9.00,-9.0,-9,-9.0,-9,-9.0,-9,-9.0,-9,-9.0,-9,18.2,20.4,22.3,21.4,18.9
286,20221014,108,1.6,1415,29,3.2,2035,32,5.5,2047,17.1,23.0,1454,12.4,529,11.9,17.4,5.6,73.4,49.0,1410,14.0,3.5,2.5,-9.00,1009.8,1019.9,1022.5,5,1017.6,1829,7.9,4.9,11.3,-9.0,13.52,2.01,1400,-9.0,-9.0,-9.00,-9.0,-9,-9.0,-9,-9.0,-9,-9.0,-9,-9.0,-9,18.4,20.2,22.1,21.3,18.9
287,20221015,108,1.4,1243,29,4.3,1821,29,6.5,1814,18.2,24.4,1505,12.6,653,11.8,18.8,6.0,68.5,38.0,1318,13.8,4.1,2.9,-9.00,1008.6,1018.7,1020.3,911,1017.2,1422,5.8,8.2,11.3,-9.0,16.21,2.61,1100,-9.0,-9.0,-9.00,-9.0,-9,-9.0,-9,-9.0,-9,-9.0,-9,-9.0,-9,18.7,20.1,21.9,21.3,19.0
288,20221016,108,1.7,1459,29,4.3,1320,29,7.4,1319,16.9,20.5,1202,15.1,2400,12.1,16.1,9.6,73.9,64.0,1628,14.1,2.5,1.7,-9.00,1007.7,1017.8,1018.9,807,1016.5,1615,8.8,0.6,11.2,-9.0,6.15,1.32,1100,-9.0,-9.0,-9.00,-9.0,-9,-9.0,-9,-9.0,-9,-9.0,-9,-9.0,-9,19.0,20.0,21.8,21.3,19.0
289,20221017,108,3.4,2963,32,6.3,613,29,11.4,1548,11.2,15.1,1,7.4,2344,0.6,14.2,-0.9,50.3,25.0,1332,6.6,5.2,3.6,-9.00,1009.4,1019.8,1021.7,2236,1017.6,22,1.4,10.1,11.2,-9.0,18.79,2.79,1200,-9.0,-9.0,-9.00,-9.0,-9,-9.0,-9,-9.0,-9,-9.0,-9,-9.0,-9,18.9,20.0,21.6,21.2,19.0
290,20221018,108,2.3,1964,32,4.4,1357,29,7.2,1407,9.4,14.2,1451,5.0,657,-0.3,12.0,-1.9,52.1,33.0,1459,6.0,4.1,2.9,-9.00,1012.4,1022.9,1024.0,2311,1021.6,1,0.0,10.2,11.2,-9.0,18.27,2.72,1200,-9.0,-9.0,-9.00,-9.0,-9,-9.0,-9,-9.0,-9,-9.0,-9,-9.0,-9,18.1,19.9,21.5,21.2,19.0
291,20221019,108,1.8,1518,34,4.2,1222,32,8.0,1213,10.5,16.8,1510,4.4,654,1.9,12.2,-3.3,57.8,30.0,1405,7.1,4.4,3.0,-9.00,1015.5,1026.0,1027.8,2324,1023.9,1,0.0,10.2,11.1,-9.0,17.78,2.68,1200,-9.0,-9.0,-9.00,-9.0,-9,-9.0,-9,-9.0,-9,-9.0,-9,-9.0,-9,17.3,19.7,21.4,21.1,19.0
292,20221020,108,1.8,1586,25,3.1,1912,25,5.3,1406,12.9,19.7,1500,6.0,711,5.7,14.0,-1.6,64.4,31.0,1626,9.2,4.4,3.0,-9.00,1017.0,1027.4,1029.8,807,1025.4,1713,2.1,10.1,11.1,-9.0,17.20,2.58,1200,-9.0,-9.0,-9.00,-9.0,-9,-9.0,-9,-9.0,-9,-9.0,-9,-9.0,-9,16.8,19.4,21.3,21.1,19.0
293,20221021,108,1.7,1491,27,3.6,1623,20,5.7,1357,14.0,20.9,1431,8.8,707,7.7,14.7,1.4,68.8,31.0,1611,10.6,3.9,2.7,-9.00,1013.8,1024.1,1026.4,210,1022.0,1440,4.9,8.8,11.0,-9.0,15.16,2.37,1300,-9.0,-9.0,-9.00,-9.0,-9,-9.0,-9,-9.0,-9,-9.0,-9,-9.0,-9,16.8,19.1,21.2,21.0,19.0
294,20221022,108,1.9,1644,27,4.0,1608,18,7.3,1415,15.1,20.8,1412,10.5,724,10.6,16.4,3.4,76.3,52.0,1408,12.9,3.6,2.5,-9.00,1010.4,1020.6,1023.0,1,1018.5,1433,4.3,9.3,11.0,-9.0,14.93,2.40,1200,-9.0,-9.0,-9.00,-9.0,-9,-9.0,-9,-9.0,-9,-9.0,-9,-9.0,-9,17.0,18.9,21.0,21.0,19.0
295,20221023,108,2.7,2290,32,4.4,1720,32,8.8,1714,14.0,18.6,1459,10.4,2356,6.8,15.8,4.8,65.0,29.0,1656,10.3,4.3,3.0,-9.00,1008.6,1018.9,1020.4,2223,1017.1,1513,2.5,7.7,11.0,-9.0,14.04,2.29,1200,-9.0,-9.0,-9.00,-9.0,-9,-9.0,-9,-9.0,-9,-9.0,-9,-9.0,-9,17.3,18.8,20.8,20.9,19.0
296,20221024,108,2.8,2454,29,5.2,1114,29,8.8,1421,10.6,14.8,1521,7.5,2356,0.6,12.9,-1.0,52.6,27.0,1509,6.5,4.6,3.2,-9.00,1011.3,1021.7,1025.6,2358,1019.3,217,0.3,9.9,10.9,-9.0,16.88,2.62,1200,-9.0,-9.0,-9.00,-9.0,-9,-9.0,-9,-9.0,-9,-9.0,-9,-9.0,-9,17.2,18.7,20.7,20.9,19.0
297,20221025,108,2.0,1688,5,4.1,1147,2,7.6,1131,11.3,17.6,1535,5.9,531,2.6,12.7,-2.2,56.5,37.0,1539,7.4,4.3,3.0,-9.00,1017.5,1028.0,1029.8,859,1025.6,1,0.0,9.9,10.9,-9.0,16.37,2.51,1200,-9.0,-9.0,-9.00,-9.0,-9,-9.0,-9,-9.0,-9,-9.0,-9,-9.0,-9,16.6,18.6,20.6,20.8,19.0
298,20221026,108,1.9,1610,7,3.2,309,5,5.9,607,12.9,17.8,1350,8.0,653,4.5,12.7,2.3,58.3,38.0,1312,8.4,3.0,2.1,-9.00,1017.0,1027.3,1029.5,901,1025.5,1712,4.9,7.3,10.8,-9.0,12.66,2.26,1100,-9.0,-9.0,-9.00,-9.0,-9,-9.0,-9,-9.0,-9,-9.0,-9,-9.0,-9,16.2,18.5,20.5,20.8,19.0
299,20221027,108,1.7,1461,29,3.9,1342,34,7.7,1501,13.2,18.9,1414,8.6,701,7.9,14.1,1.0,71.8,49.0,1211,10.8,3.4,2.4,-9.00,1015.0,1025.3,1026.5,852,1023.5,1518,1.4,9.2,10.8,-9.0,14.31,2.31,1200,-9.0,-9.0,-9.00,-9.0,-9,-9.0,-9,-9.0,-9,-9.0,-9,-9.0,-9,16.2,18.3,20.3,20.7,19.0
300,20221028,108,1.7,1477,27,3.4,1804,27,5.6,1758,13.6,20.6,1525,8.2,636,7.9,14.2,1.1,70.1,41.0,1541,10.7,3.5,2.5,-9.00,1015.5,1025.8,1027.3,906,1023.8,1638,1.5,8.3,10.8,-9.0,14.35,2.42,1100,-9.0,-9.0,-9.00,-9.0,-9,-9.0,-9,-9.0,-9,-9.0,-9,-9.0,-9,16.2,18.1,20.2,20.7,19.0
301,20221029,108,1.8,1529,5,3.5,923,5,5.6,921,14.8,21.3,1507,10.2,709,8.0,15.1,4.2,65.9,37.0,1522,10.7,3.6,2.5,-9.00,1015.6,1025.9,1027.8,846,1023.9,1647,1.1,9.3,10.7,-9.0,14.64,2.35,1200,-9.0,-9.0,-9.00,-9.0,-9,-9.0,-9,-9.0,-9,-9.0,-9,-9.0,-9,16.3,18.0,20.1,20.6,19.0
302,20221030,108,1.9,1634,5,2.9,220,5,5.0,756,14.9,21.3,1503,10.4,702,7.8,15.0,5.0,64.5,39.0,1408,10.6,3.7,2.6,-9.00,1014.7,1025.0,1026.7,853,1023.1,1507,1.1,8.9,10.7,-9.0,13.64,2.28,1200,-9.0,-9.0,-9.00,-9.0,-9,-9.0,-9,-9.0,-9,-9.0,-9,-9.0,-9,16.3,17.9,19.9,20.6,19.0
303,20221031,108,2.1,1804,14,3.2,1010,11,5.4,1001,14.9,21.1,1406,11.2,710,9.1,14.6,7.3,69.8,42.0,1413,11.6,3.3,2.3,-9.00,1013.5,1023.7,1025.7,838,1022.1,1429,4.0,7.6,10.7,-9.0,13.19,2.28,1200,-9.0,-9.0,-9.00,-9.0,-9,-9.0,-9,-9.0,-9,-9.0,-9,-9.0,-9,16.4,17.8,19.8,20.5,19.0
304,20221101,108,1.8,1558,25,4.4,1610,27,7.6,1516,13.1,17.8,1511,9.4,2355,8.1,13.9,1.2,73.5,44.0,1556,11.0,2.6,1.9,-9.00,1011.5,1021.8,1023.3,849,1020.2,1409,3.4,4.7,10.6,-9.0,9.52,1.72,1300,-9.0,-9.0,-9.00,-9.0,-9,-9.0,-9,-9.0,-9,-9.0,-9,-9.0,-9,16.5,17.8,19.7,20.5,19.0
305,20221102,108,1.7,1491,25,4.4,1544,27,6.8,1501,11.1,17.9,1431,5.5,715,2.0,11.9,-3.2,57.1,23.0,1549,7.1,4.2,3.0,-9.00,1010.5,1020.8,1023.2,904,1019.0,1349,0.0,9.6,10.6,-9.0,15.45,2.42,1200,-9.0,-9.0,-9.00,-9.0,-9,-9.0,-9,-9.0,-9,-9.0,-9,-9.0,-9,16.1,17.7,19.6,20.4,19.0
306,20221103,108,2.0,1736,32,5.2,2241,32,9.0,2254,9.3,13.4,1242,5.6,2356,1.3,8.9,-0.1,58.1,44.0,1131,6.8,2.4,1.7,-9.00,1009.3,1019.8,1021.5,2249,1018.6,1242,6.1,0.6,10.6,-9.0,5.36,1.17,900,0.0,0.0,1.75,-9.0,-9,-9.0,-9,-9.0,-9,-9.0,-9,-9.0,-9,15.7,17.6,19.6,20.3,19.0
307,20221104,108,2.9,2484,29,5.2,1503,34,9.8,1513,4.9,9.8,1440,1.6,709,-7.5,7.4,-4.9,41.8,23.0,1459,3.5,3.9,2.7,-9.00,1012.9,1023.5,1025.4,2344,1021.3,1,0.1,9.6,10.5,-9.0,15.60,2.43,1200,-9.0,-9.0,-9.00,-9.0,-9,-9.0,-9,-9.0,-9,-9.0,-9,-9.0,-9,15.1,17.5,19.5,20.3,19.0
308,20221105,108,1.7,1437,32,3.9,1241,29,7.2,1338,6.5,13.6,1522,0.8,721,-3.6,7.4,-9.0,51.3,24.0,1353,4.8,3.7,2.6,-9.00,1014.5,1025.1,1026.9,900,1023.6,1539,0.0,9.7,10.5,-9.0,15.06,2.37,1200,-9.0,-9.0,-9.00,-9.0,-9,-9.0,-9,-9.0,-9,-9.0,-9,-9.0,-9,14.2,17.2,19.4,20.2,19.0
309,20221106,108,1.8,1569,18,3.3,1337,29,5.5,1502,9.6,16.4,1359,3.7,730,1.8,9.7,-3.2,60.5,36.0,1402,7.0,3.4,2.4,-9.00,1013.8,1024.3,1026.3,907,1022.2,1652,2.6,9.6,10.5,-9.0,14.19,2.31,1200,-9.0,-9.0,-9.00,-9.0,-9,-9.0,-9,-9.0,-9,-9.0,-9,-9.0,-9,13.7,16.9,19.2,20.2,19.0
310,20221107,108,1.7,1458,27,3.9,1607,27,7.0,1609,11.4,16.6,1432,6.1,546,4.6,11.3,-0.9,64.5,38.0,1546,8.5,2.5,1.8,-9.00,1012.5,1022.8,1024.4,848,1020.7,1452,5.9,4.4,10.4,-9.0,8.35,1.42,1100,0.0,0.0,0.17,-9.0,-9,-9.0,-9,-9.0,-9,-9.0,-9,-9.0,-9,13.7,16.6,19.1,20.1,19.0
311,20221108,108,1.5,1262,32,3.7,1458,27,6.4,1457,12.9,17.9,1414,9.7,739,6.9,13.1,0.4,68.3,40.0,1552,9.9,2.8,2.0,-9.00,1014.1,1024.4,1025.6,841,1023.1,6,2.5,8.1,10.4,-9.0,11.55,1.85,1100,-9.0,-9.0,-9.00,-9.0,-9,-9.0,-9,-9.0,-9,-9.0,-9,-9.0,-9,13.9,16.4,18.9,20.1,19.0
312,20221109,108,1.5,1260,32,3.1,1347,34,4.9,1427,11.4,16.0,1404,6.7,718,7.1,10.7,-1.3,76.0,57.0,1316,10.1,2.1,1.5,-9.00,1014.8,1025.2,1026.8,813,1023.8,1447,6.1,5.3,10.4,-9.0,9.82,1.77,1100,-9.0,-9.0,-9.00,-9.0,-9,-9.0,-9,-9.0,-9,-9.0,-9,-9.0,-9,14.2,16.3,18.7,20.0,19.0
313,20221110,108,1.3,1092,25,2.9,1632,29,4.8,1903,13.5,19.1,1408,8.8,641,8.8,12.8,1.6,74.5,53.0,1426,11.3,2.7,1.9,-9.00,1014.2,1024.5,1025.8,2330,1022.5,1524,1.6,7.9,10.3,-9.0,10.60,1.75,1100,-9.0,-9.0,-9.00,-9.0,-9,-9.0,-9,-9.0,-9,-9.0,-9,-9.0,-9,14.2,16.2,18.6,19.9,19.0
314,20221111,108,1.8,1518,7,3.2,658,11,6.4,1225,15.6,22.1,1538,10.9,434,8.1,13.7,4.1,62.5,40.0,1545,10.8,3.2,2.3,-9.00,1014.5,1024.7,1026.8,847,1023.1,1611,0.9,8.8,10.3,-9.0,11.75,2.01,1200,-9.0,-9.0,-9.00,-9.0,-9,-9.0,-9,-9.0,-9,-9.0,-9,-9.0,-9,14.4,16.1,18.5,19.9,19.0
315,20221112,108,2.2,1942,25,4.6,2041,27,9.9,2048,16.3,22.0,1318,11.6,501,12.5,13.9,5.3,80.0,50.0,1256,15.0,2.0,1.4,-9.00,1005.1,1015.2,1023.5,1,1008.0,2341,8.1,2.6,10.3,-9.0,6.93,1.96,1200,57.9,57.9,7.50,-9.0,-9,-9.0,-9,-9.0,-9,-9.0,-9,-9.0,-9,14.6,16.1,18.3,19.8,19.0
316,20221113,108,2.6,2243,23,6.3,200,20,10.4,153,10.3,17.3,1,8.7,2357,7.9,12.4,3.7,85.6,69.0,1350,10.7,1.0,0.7,-9.00,1005.0,1015.3,1019.8,2320,1007.7,31,8.8,0.0,10.2,-9.0,3.61,0.61,1300,-9.0,-9.0,-9.00,-9.0,-9,-9.0,-9,-9.0,-9,-9.0,-9,-9.0,-9,15.6,15.6,18.0,19.8,19.0
317,20221114,108,2.3,2007,23,4.8,1403,25,8.6,1340,9.7,13.8,1305,5.9,2356,5.1,10.8,-0.6,74.8,45.0,1524,9.0,2.3,1.6,-9.00,1007.5,1017.9,1020.2,215,1016.0,1410,5.3,4.5,10.2,-9.0,8.25,1.64,1200,-9.0,-9.0,-9.00,-9.0,-9,-9.0,-9,-9.0,-9,-9.0,-9,-9.0,-9,15.1,15.9,17.9,19.7,19.0
318,20221115,108,2.0,1716,32,5.4,2041,34,10.4,2030,8.1,12.3,1341,4.0,658,4.2,8.4,-2.1,77.4,62.0,1,8.4,1.5,1.0,-9.00,1006.4,1016.9,1017.9,1,1015.2,1341,6.5,2.9,10.2,-9.0,6.96,1.51,1000,1.6,1.6,2.25,-9.0,-9,-9.0,-9,-9.0,-9,-9.0,-9,-9.0,-9,14.3,16.0,17.9,19.6,19.0
319,20221116,108,1.7,1477,29,3.9,1138,29,7.1,1137,8.5,13.0,1431,5.5,703,2.8,8.1,-0.3,71.3,33.0,1506,7.6,2.8,2.0,-9.00,1009.8,1020.3,1022.4,2205,1017.0,2,2.0,8.3,10.2,-9.0,12.11,2.07,1200,-9.0,-9.0,-9.00,-9.0,-9,-9.0,-9,-9.0,-9,-9.0,-9,-9.0,-9,13.7,15.9,17.9,19.6,18.9
320,20221117,108,1.6,1416,18,3.1,1353,27,4.8,1254,10.2,16.6,1436,5.4,722,3.5,8.6,0.4,64.6,41.0,1453,7.9,2.7,1.9,-9.00,1013.4,1023.8,1025.6,2159,1022.2,1,1.3,9.1,10.1,-9.0,11.46,1.97,1200,-9.0,-9.0,-9.00,-9.0,-9,-9.0,-9,-9.0,-9,-9.0,-9,-9.0,-9,13.2,15.7,17.8,19.5,18.9
321,20221118,108,1.6,1362,20,2.7,1450,11,4.2,1253,11.0,18.1,1502,5.3,749,5.1,8.8,-0.9,69.6,39.0,1406,8.8,3.1,2.2,-9.00,1015.6,1026.0,1027.9,820,1024.1,1505,1.0,9.1,10.1,-9.0,12.08,1.99,1200,-9.0,-9.0,-9.00,-9.0,-9,-9.0,-9,-9.0,-9,-9.0,-9,-9.0,-9,12.9,15.4,17.7,19.4,18.9
322,20221119,108,2.3,2000,5,4.4,907,11,7.4,1245,12.9,19.2,1507,8.7,111,3.9,9.8,1.4,55.8,35.0,1529,8.1,3.4,2.4,-9.00,1012.0,1022.3,1025.5,1,1019.6,1600,3.1,9.0,10.1,-9.0,11.50,2.02,1200,-9.0,-9.0,-9.00,-9.0,-9,-9.0,-9,-9.0,-9,-9.0,-9,-9.0,-9,12.8,15.2,17.6,19.4,18.9
323,20221120,108,1.7,1448,32,3.0,1524,29,5.3,1626,13.7,20.2,1332,9.5,725,5.4,11.0,2.5,58.3,38.0,1434,9.0,3.3,2.3,-9.00,1009.4,1019.7,1020.9,933,1017.7,1443,1.8,9.1,10.0,-9.0,11.85,1.99,1200,-9.0,-9.0,-9.00,-9.0,-9,-9.0,-9,-9.0,-9,-9.0,-9,-9.0,-9,12.9,15.0,17.5,19.3,18.9
324,20221121,108,1.6,1390,32,5.1,1219,34,7.6,1216,11.8,16.2,1132,9.3,711,6.4,9.3,1.6,70.5,53.0,1304,9.6,1.7,1.2,-9.00,1010.8,1021.2,1023.0,2254,1019.8,1521,3.4,3.1,10.0,-9.0,6.36,1.33,1000,-9.0,-9.0,-9.00,-9.0,-9,-9.0,-9,-9.0,-9,-9.0,-9,-9.0,-9,13.0,14.9,17.4,19.2,18.9
325,20221122,108,1.9,1664,5,4.3,937,5,6.9,1031,10.7,13.7,1414,7.0,651,5.0,9.1,-0.5,69.9,47.0,1546,8.8,1.8,1.3,-9.00,1010.3,1020.7,1023.5,156,1017.9,2324,8.8,1.6,10.0,-9.0,5.55,1.36,1000,0.0,0.0,2.17,-9.0,-9,-9.0,-9,-9.0,-9,-9.0,-9,-9.0,-9,12.9,14.9,17.2,19.2,18.9
326,20221123,108,2.1,1801,32,4.5,1409,29,8.4,1445,10.8,15.2,1322,6.8,2343,1.9,9.8,-0.6,56.0,34.0,1412,7.2,3.3,2.3,-9.00,1007.3,1017.7,1019.6,2350,1016.5,1238,3.3,7.9,10.0,-9.0,11.60,2.02,1200,0.0,-9.0,1.50,-9.0,-9,-9.0,-9,-9.0,-9,-9.0,-9,-9.0,-9,12.8,14.8,17.1,19.1,18.9
327,20221124,108,1.5,1281,27,3.2,1305,25,5.2,1343,9.4,14.1,1519,5.9,235,3.1,7.8,-1.4,65.6,51.0,1123,7.7,2.2,1.5,-9.00,1010.5,1020.9,1022.0,2338,1019.3,1441,3.4,6.5,9.9,-9.0,9.32,1.69,1300,-9.0,-9.0,-9.00,-9.0,-9,-9.0,-9,-9.0,-9,-9.0,-9,-9.0,-9,12.7,14.7,17.0,19.1,18.8
328,20221125,108,3.0,2561,20,5.8,1350,20,10.0,1446,12.3,17.8,1501,7.1,253,5.8,9.7,0.6,67.1,35.0,1606,9.3,3.5,2.4,-9.00,1006.6,1016.8,1022.0,1,1013.2,1518,5.0,7.6,9.9,-9.0,10.66,1.82,1300,1.7,1.7,1.32,-9.0,-9,-9.0,-9,-9.0,-9,-9.0,-9,-9.0,-9,12.4,14.6,16.9,19.0,18.8
329,20221126,108,3.0,2594,32,5.8,1340,34,11.1,1321,6.7,12.9,1,1.0,2341,-3.1,5.9,-5.2,52.4,28.0,1321,5.4,3.3,2.3,-9.00,1007.9,1018.5,1021.9,2353,1014.0,1,0.3,8.6,9.9,-9.0,11.75,2.02,1200,-9.0,-9.0,-9.00,-9.0,-9,-9.0,-9,-9.0,-9,-9.0,-9,-9.0,-9,12.5,14.5,16.8,18.9,18.8
330,20221127,108,2.4,2084,5,3.8,902,7,5.8,847,5.4,11.5,1521,-1.1,530,-6.5,3.2,-6.8,43.1,28.0,1610,3.7,3.7,2.6,-9.00,1010.0,1020.7,1022.6,236,1018.5,1622,2.4,7.4,9.9,-9.0,10.15,2.02,1200,-9.0,0.3,-9.00,-9.0,-9,-9.0,-9,-9.0,-9,-9.0,-9,-9.0,-9,11.7,14.4,16.7,18.9,18.8
331,20221128,108,2.7,2320,5,4.7,512,7,7.0,402,12.3,15.0,1311,7.5,1,5.1,9.2,4.8,65.5,34.0,517,9.9,1.5,1.0,-9.00,1003.7,1014.0,1019.5,8,1008.6,2400,8.4,0.8,9.8,-9.0,3.87,1.27,1100,19.5,23.0,11.58,-9.0,-9,-9.0,-9,-9.0,-9,-9.0,-9,-9.0,-9,11.1,14.1,16.6,18.8,18.8
332,20221129,108,3.5,3020,29,6.5,2313,27,12.0,2132,6.9,15.0,1,-1.6,2352,0.7,8.6,-1.8,67.0,39.0,2213,7.6,2.2,1.5,-9.00,1007.0,1017.5,1027.0,2358,1008.1,215,8.8,2.0,9.8,-9.0,5.34,1.41,1300,3.8,0.0,7.58,-9.0,-9,-9.0,-9,-9.0,-9,-9.0,-9,-9.0,-9,11.7,13.9,16.5,18.7,18.8
333,20221130,108,3.9,3410,29,6.5,259,29,11.3,250,-5.4,-1.6,1,-8.1,2328,-14.5,-0.6,-9.5,49.1,34.0,1347,2.0,2.0,1.4,-9.00,1021.1,1032.3,1034.7,2214,1026.8,7,1.5,9.1,9.8,-9.0,12.17,2.12,1200,-9.0,-9.0,-9.00,-9.0,-9,-9.0,-9,-9.0,-9,-9.0,-9,-9.0,-9,11.3,13.8,16.4,18.7,18.8
334,20221201,108,2.4,2068,29,4.3,1416,2,7.7,15,-5.4,-1.2,1542,-9.4,752,-16.0,-2.4,-13.1,43.4,34.0,454,1.8,1.7,1.2,-9.00,1021.0,1032.1,1034.4,101,1029.7,1513,1.5,8.1,9.8,-9.0,10.23,1.82,1200,-9.0,-9.0,-9.00,-9.0,-9,-9.0,-9,-9.0,-9,-9.0,-9,-9.0,-9,9.6,13.5,16.2,18.6,18.8
335,20221202,108,1.7,1511,5,3.1,2139,5,5.4,2139,-2.5,3.0,1446,-7.6,759,-14.1,-1.8,-13.5,42.0,24.0,1344,2.1,2.4,1.7,-9.00,1019.0,1030.1,1033.4,934,1026.5,2335,1.8,9.0,9.8,-9.0,11.87,2.01,1200,-9.0,1.1,-9.00,-9.0,-9,-9.0,-9,-9.0,-9,-9.0,-9,-9.0,-9,8.4,13.1,16.1,18.6,18.8
336,20221203,108,2.6,2223,27,5.1,2232,29,9.6,2321,2.1,7.0,1431,-0.3,1,-2.9,1.3,-2.4,70.5,46.0,2,5.1,1.6,1.1,-9.00,1014.6,1025.4,1028.6,2358,1023.4,1319,6.6,2.6,9.7,-9.0,6.28,1.80,1200,1.1,0.0,7.33,-9.0,-9,-9.0,-9,-9.0,-9,1.0,830,1.0,830,7.6,12.6,15.9,18.5,18.7
337,20221204,108,2.8,2386,29,4.7,13,16,9.7,22,-3.5,-0.2,1,-5.2,2400,-15.7,-1.1,-7.1,38.9,25.0,1309,1.8,1.7,1.2,-9.00,1020.9,1031.9,1033.2,1013,1028.3,6,6.9,1.3,9.7,-9.0,6.13,1.21,1200,-9.0,-9.0,-9.00,-9.0,-9,-9.0,-9,-9.0,-9,-9.0,-9,-9.0,-9,7.5,12.1,15.6,18.4,18.7
338,20221205,108,2.4,2042,29,4.8,1207,27,7.1,1234,-3.1,1.9,1458,-7.0,755,-14.5,-2.0,-11.3,41.9,25.0,1450,2.0,2.1,1.5,-9.00,1018.7,1029.7,1033.2,121,1027.0,2352,2.9,8.6,9.7,-9.0,11.74,2.07,1200,-9.0,0.1,-9.00,-9.0,-9,-9.0,-9,-9.0,-9,-9.0,-9,-9.0,-9,7.0,11.7,15.3,18.4,18.7
339,20221206,108,2.4,2104,25,6.4,1533,27,12.5,1527,0.9,5.3,1400,-3.9,243,-5.5,-0.2,-10.5,62.8,44.0,1445,4.1,1.9,1.3,-9.00,1012.2,1023.0,1026.9,1,1021.3,1511,6.1,4.8,9.7,-9.0,9.16,1.93,1200,0.1,0.1,4.75,-9.0,-9,-9.0,-9,-9.0,-9,0.3,955,0.3,955,6.6,11.3,15.1,18.3,18.7
340,20221207,108,2.7,2293,27,6.5,1323,23,12.2,1554,4.9,9.0,1520,1.2,805,-2.4,1.6,-5.2,60.4,41.0,1323,5.1,2.3,1.6,-9.00,1012.3,1023.0,1025.8,2354,1021.1,426,1.8,7.8,9.7,-9.0,9.89,1.78,1100,0.1,-9.0,3.33,-9.0,-9,-9.0,-9,-9.0,-9,-9.0,-9,-9.0,-9,6.4,11.0,14.8,18.2,18.7
341,20221208,108,1.4,1248,29,2.7,1411,29,4.7,1353,3.7,9.1,1251,0.1,742,-4.7,1.4,-8.9,57.5,21.0,1534,4.4,2.2,1.5,-9.00,1015.0,1025.7,1027.8,946,1024.6,1535,1.0,9.0,9.7,-9.0,9.97,1.76,1100,-9.0,0.0,-9.00,-9.0,-9,-9.0,-9,-9.0,-9,-9.0,-9,-9.0,-9,6.6,10.7,14.5,18.2,18.6
342,20221209,108,2.0,1689,29,4.1,1419,29,6.5,1410,4.5,10.2,1345,0.9,345,-2.5,2.5,-7.5,60.8,49.0,2245,5.1,1.8,1.2,-9.00,1011.7,1022.4,1024.9,29,1020.6,1506,3.4,4.9,9.7,-9.0,7.22,1.57,1200,0.0,-9.0,0.58,-9.0,-9,-9.0,-9,-9.0,-9,-9.0,-9,-9.0,-9,6.6,10.5,14.3,18.1,18.6
343,20221210,108,1.3,1098,29,4.1,2358,29,6.7,2350,2.6,6.7,1306,-0.6,758,-8.1,1.0,-8.6,46.5,26.0,1317,3.4,1.7,1.2,-9.00,1009.9,1020.7,1022.9,223,1018.1,1453,6.1,3.6,9.6,-9.0,6.71,1.74,1100,-9.0,-9.0,-9.00,-9.0,-9,-9.0,-9,-9.0,-9,-9.0,-9,-9.0,-9,6.8,10.3,14.0,18.0,18.6
344,20221211,108,1.8,1559,29,3.9,12,32,6.2,1435,1.6,6.8,1412,-1.5,645,-7.5,0.6,-9.7,52.5,29.0,1415,3.5,2.4,1.7,-9.00,1012.5,1023.3,1024.7,2315,1021.1,59,0.9,8.9,9.6,-9.0,11.11,1.94,1200,-9.0,-9.0,-9.00,-9.0,-9,-9.0,-9,-9.0,-9,-9.0,-9,-9.0,-9,6.5,10.2,13.8,17.9,18.6
345,20221212,108,1.7,1478,18,4.2,1611,18,6.6,1605,2.0,6.3,1408,-2.0,345,-2.5,0.3,-9.7,73.4,53.0,1054,5.3,1.2,0.9,-9.00,1009.1,1019.8,1024.9,16,1016.5,2248,7.5,2.3,9.6,-9.0,5.05,1.11,1300,5.4,5.4,5.08,-9.0,-9,-9.0,-9,-9.0,-9,-9.0,-9,-9.0,-9,6.2,10.0,13.6,17.8,18.5
346,20221213,108,3.5,3041,29,7.4,2113,29,15.0,2044,0.0,3.1,233,-6.4,2356,-4.7,1.0,-8.8,70.8,57.0,2206,4.5,1.3,0.9,-9.00,1007.5,1018.3,1024.3,2400,1015.9,1352,6.6,1.7,9.6,-9.0,4.85,1.18,1100,0.6,0.6,6.17,-9.0,-9,-9.0,-9,-9.0,-9,0.8,1835,0.8,1835,6.1,9.8,13.4,17.8,18.5
347,20221214,108,3.2,2735,32,6.9,24,32,14.7,28,-8.4,-4.9,1451,-11.0,742,-16.9,-3.7,-12.8,50.1,43.0,1143,1.6,1.4,1.0,-9.00,1017.0,1028.3,1030.5,1058,1024.3,1,1.4,8.9,9.6,-9.0,11.41,1.95,1200,-9.0,0.0,-9.00,-9.0,-9,-9.0,-9,-9.0,-9,-9.0,-9,0.5,1,6.0,9.6,13.3,17.7,18.5
348,20221215,108,2.5,2158,32,5.0,2152,32,9.0,2149,-4.5,-1.3,1752,-8.5,1,-7.6,-1.7,-9.9,79.1,61.0,120,3.6,0.6,0.4,-9.00,1013.9,1024.9,1027.9,2400,1021.1,1512,7.3,0.0,9.6,-9.0,2.17,0.55,1100,2.4,2.4,6.67,-9.0,-9,-9.0,-9,-9.0,-9,4.4,1455,4.5,1455,5.4,9.5,13.1,17.6,18.5
349,20221216,108,2.0,1738,29,3.8,1554,29,5.7,1831,-6.3,-2.2,1303,-9.6,635,-13.9,-2.0,-13.4,56.9,34.0,1527,2.1,1.5,1.1,-9.00,1019.5,1030.7,1032.6,927,1027.9,1,4.5,8.2,9.6,-9.0,10.44,1.89,1200,-9.0,0.2,-9.00,-9.0,-9,-9.0,-9,-9.0,-9,-9.0,-9,4.1,1,5.0,9.2,12.9,17.5,18.5
350,20221217,108,2.7,2321,29,6.2,1411,27,11.1,1442,-7.0,-3.2,1245,-9.8,2322,-15.4,-3.5,-14.5,52.0,34.0,1346,1.9,1.7,1.2,-9.00,1014.4,1025.5,1030.8,1,1023.5,1530,2.3,7.4,9.6,-9.0,10.46,1.87,1200,0.2,-9.0,2.33,-9.0,-9,-9.0,-9,-9.0,-9,0.3,755,1.9,755,4.8,9.0,12.7,17.4,18.4
351,20221218,108,2.6,2231,27,5.8,1233,27,10.4,1226,-9.5,-5.6,1440,-12.4,740,-18.8,-5.1,-17.0,47.1,38.0,545,1.4,1.4,1.0,-9.00,1012.2,1023.5,1024.8,2259,1021.8,1500,0.0,9.0,9.6,-9.0,11.42,1.98,1200,-9.0,-9.0,-9.00,-9.0,-9,-9.0,-9,-9.0,-9,-9.0,-9,1.5,1,4.5,8.7,12.5,17.3,18.4
352,20221219,108,1.7,1488,29,3.8,1459,29,6.0,1452,-7.0,-2.5,1426,-12.0,357,-14.6,-4.3,-16.7,55.6,40.0,1217,2.0,1.3,0.9,-9.00,1015.9,1027.1,1029.0,2332,1024.5,13,2.1,6.5,9.6,-9.0,8.93,1.85,1200,-9.0,-9.0,-9.00,-9.0,-9,-9.0,-9,-9.0,-9,-9.0,-9,1.4,1,4.3,8.5,12.3,17.2,18.4
353,20221220,108,2.2,1906,5,3.9,2013,2,5.9,2010,-3.2,2.9,1440,-9.5,717,-10.9,-3.0,-15.0,55.8,40.0,1437,2.7,2.0,1.4,-9.00,1015.4,1026.4,1030.9,937,1021.2,2355,4.9,7.7,9.6,-9.0,10.10,1.87,1200,-9.0,3.4,-9.00,-9.0,-9,-9.0,-9,-9.0,-9,-9.0,-9,1.1,1,4.1,8.3,12.1,17.1,18.4
354,20221221,108,2.7,2333,29,5.5,2047,32,9.6,2050,-0.1,2.6,1559,-2.6,2347,-2.9,-0.6,-6.5,82.4,57.0,353,5.0,0.7,0.5,-9.00,1001.2,1011.9,1021.2,1,1009.2,1605,8.5,0.0,9.6,-9.0,2.48,0.52,1400,3.6,0.2,9.17,-9.0,-9,-9.0,-9,-9.0,-9,3.5,955,3.5,955,4.0,8.1,11.9,17.0,18.3
355,20221222,108,4.4,3791,27,7.1,1517,29,15.0,1555,-7.8,-2.6,1,-11.3,2355,-14.2,-2.6,-13.4,60.5,45.0,1555,2.1,1.4,1.0,-9.00,999.6,1010.7,1011.5,258,1008.9,1405,2.1,7.4,9.6,-9.0,10.05,2.07,1200,-9.0,-9.0,-9.00,-9.0,-9,-9.0,-9,-9.0,-9,-9.0,-9,1.9,1,3.9,7.9,11.7,16.9,18.3
356,20221223,108,4.3,3675,29,6.7,1121,25,12.3,1216,-11.8,-8.6,1514,-13.7,619,-17.9,-4.4,-16.5,60.5,52.0,1514,1.5,1.0,0.7,-9.00,1002.8,1014.1,1018.0,2357,1010.8,2,2.0,8.4,9.6,-9.0,10.76,1.99,1300,-9.0,-9.0,-9.00,-9.0,-9,-9.0,-9,-9.0,-9,-9.0,-9,1.8,1,3.7,7.7,11.6,16.8,18.3
357,20221224,108,1.8,1557,5,3.4,706,5,5.6,718,-8.4,-2.0,1619,-13.5,743,-16.0,-4.3,-17.0,54.9,38.0,1608,1.8,1.3,0.9,-9.00,1009.9,1021.1,1022.9,2223,1017.7,14,0.6,8.9,9.6,-9.0,10.92,1.92,1200,-9.0,-9.0,-9.00,-9.0,-9,-9.0,-9,-9.0,-9,-9.0,-9,1.7,1,3.5,7.5,11.4,16.7,18.2
358,20221225,108,1.7,1478,25,4.1,1352,27,6.6,1351,-5.4,0.2,1532,-9.6,611,-10.8,-4.6,-15.0,66.5,46.0,1534,2.7,1.4,1.0,-9.00,1012.8,1023.9,1025.3,2306,1022.4,9,0.1,9.0,9.6,-9.0,10.89,1.93,1200,-9.0,-9.0,-9.00,-9.0,-9,-9.0,-9,-9.0,-9,-9.0,-9,1.6,1,3.4,7.3,11.2,16.6,18.2
359,20221226,108,1.4,1240,5,2.8,740,34,3.7,1041,-3.9,1.7,1532,-7.9,730,-9.1,-4.1,-13.6,68.4,44.0,1540,3.1,1.2,0.8,-9.00,1015.3,1026.4,1028.1,2311,1025.0,1339,1.4,7.6,9.6,-9.0,8.27,1.41,1200,-9.0,-9.0,-9.00,-9.0,-9,-9.0,-9,-9.0,-9,-9.0,-9,1.2,1,3.2,7.2,11.0,16.5,18.2
360,20221227,108,1.8,1555,29,3.2,1429,29,5.4,1421,-2.6,3.3,1515,-7.3,720,-7.5,-3.2,-12.0,69.8,48.0,1308,3.5,1.6,1.1,-9.00,1018.1,1029.1,1030.8,1014,1027.7,1425,0.1,8.8,9.6,-9.0,10.25,1.79,1200,-9.0,0.1,-9.00,-9.0,-9,-9.0,-9,-9.0,-9,-9.0,-9,0.3,1,3.1,7.0,10.8,16.4,18.1
361,20221228,108,2.5,2196,29,4.9,1409,27,8.7,1419,-3.3,0.1,1453,-6.0,2355,-10.7,-2.9,-11.5,58.1,39.0,1117,2.8,1.8,1.2,-9.00,1019.5,1030.5,1033.4,2255,1027.8,156,3.3,8.7,9.6,-9.0,10.86,1.90,1200,0.1,-9.0,3.00,-9.0,-9,-9.0,-9,-9.0,-9,0.4,350,0.4,350,3.0,6.8,10.7,16.3,18.1
362,20221229,108,1.7,1454,29,3.4,1159,32,5.1,1426,-2.9,2.1,1522,-7.8,728,-10.8,-3.3,-13.5,56.3,33.0,1203,2.8,1.7,1.2,-9.00,1021.4,1032.5,1033.7,256,1030.6,1428,3.3,9.0,9.6,-9.0,10.88,1.92,1200,0.0,0.0,4.33,-9.0,-9,-9.0,-9,-9.0,-9,-9.0,-9,-9.0,-9,2.9,6.7,10.5,16.2,18.1
363,20221230,108,1.9,1668,27,4.6,1523,27,7.5,1519,-1.8,2.3,1354,-4.4,2355,-7.7,-2.2,-11.2,65.6,36.0,1635,3.5,1.8,1.3,-9.00,1020.8,1031.8,1032.8,923,1030.3,1442,1.4,7.9,9.6,-9.0,10.84,1.90,1200,0.0,0.0,2.58,-9.0,-9,-9.0,-9,-9.0,-9,-9.0,-9,-9.0,-9,2.9,6.6,10.4,16.1,18.0
364,20221231,108,1.4,1190,34,2.6,816,36,4.1,1049,-1.2,2.1,1530,-5.1,125,-6.8,-2.2,-13.1,65.5,57.0,347,3.7,0.9,0.7,-9.00,1019.5,1030.5,1032.2,10,1028.9,2008,7.4,1.1,9.6,-9.0,4.16,0.68,1300,0.0,0.0,1.42,-9.0,-9,-9.0,-9,-9.0,-9,-9.0,-9,-9.0,-9,2.9,6.7,10.3,15.2,17.3
